{"type": "FeatureCollection", "features": [{"type": "Feature", "geometry": {"type": "Point", "coordinates": [-2.037373038338678, -7.5653129768743685]}, "properties": {"argument_id": 1616, "document_id": 5354, "nearest_cluster_id": 69, "nearest_cluster_name": "Abortus", "nearest_cluster_distance": 0.0563, "document_cluster_id": -1, "distance_to_own_document": 7.5807, "lands_in_own_document_cluster": false, "meta": "pro, GroenLinks-PvdA", "quote_snippet": "Nog steeds zijn er jaarlijks honderden vrouwen die in Nederland wonen en werken maar onvoldoende toegang hebben tot abortuszorg, simpelweg omdat de financiering niet geregeld is. Dat gebeurt terwijl r"}}, {"type": "Feature", "geometry": {"type": "Point", "coordinates": [-1.9047816516783718, -7.568548539541985]}, "properties": {"argument_id": 1617, "document_id": 5354, "nearest_cluster_id": 69, "nearest_cluster_name": "Abortus", "nearest_cluster_distance": 0.0543, "document_cluster_id": -1, "distance_to_own_document": 7.5574, "lands_in_own_document_cluster": false, "meta": "pro, GroenLinks-PvdA", "quote_snippet": "Tijdens mijn werk hoorde ik de meest schrijnende verhalen, bijvoorbeeld van een dakloze vrouw die uit wanhoop een su\u00efcidepoging deed, omdat zij geen toegang kreeg tot de abortus die zij verdiende en n"}}, {"type": "Feature", "geometry": {"type": "Point", "coordinates": [-2.1347187347146375, -7.584492595354846]}, "properties": {"argument_id": 1618, "document_id": 5354, "nearest_cluster_id": 367, "nearest_cluster_name": "Beraadtermijn", "nearest_cluster_distance": 0.0414, "document_cluster_id": -1, "distance_to_own_document": 7.5998, "lands_in_own_document_cluster": false, "meta": "pro, GroenLinks-PvdA", "quote_snippet": "Dit raakt aan een fundamenteel mensenrecht: het recht op gezondheid en lichamelijke autonomie. Dit probleem \u00eds niet ingewikkeld. Het is oplosbaar door de financiering van abortuszorg voor onverzekerde"}}, {"type": "Feature", "geometry": {"type": "Point", "coordinates": [-2.0771248080337408, -7.435797187360415]}, "properties": {"argument_id": 1619, "document_id": 5354, "nearest_cluster_id": 69, "nearest_cluster_name": "Abortus", "nearest_cluster_distance": 0.038, "document_cluster_id": -1, "distance_to_own_document": 7.5764, "lands_in_own_document_cluster": false, "meta": "pro, GroenLinks-PvdA", "quote_snippet": "Deelt zij deze zorgen en is ze het met me eens dat abortus opnemen in een CAK-regeling d\u00e9 oplossing is om te voorkomen dat nog meer vrouwen noodgedwongen voor een abortus in onveilige omstandigheden m"}}, {"type": "Feature", "geometry": {"type": "Point", "coordinates": [-1.9585526014124108, -7.597191345575492]}, "properties": {"argument_id": 1620, "document_id": 5356, "nearest_cluster_id": 69, "nearest_cluster_name": "Abortus", "nearest_cluster_distance": 0.0595, "document_cluster_id": 69, "distance_to_own_document": 0.0245, "lands_in_own_document_cluster": true, "meta": "unclear, VVD", "quote_snippet": "Als iemand in Nederland woont of werkt, is die persoon namelijk meestal verzekerd volgens de Wlz, de Wet langdurige zorg. Voor die mensen is abortus kosteloos. Daarnaast hebben we een aantal aparte zo"}}, {"type": "Feature", "geometry": {"type": "Point", "coordinates": [-2.08335422313398, -7.430031511626484]}, "properties": {"argument_id": 1621, "document_id": 5356, "nearest_cluster_id": 69, "nearest_cluster_name": "Abortus", "nearest_cluster_distance": 0.0381, "document_cluster_id": 69, "distance_to_own_document": 0.0263, "lands_in_own_document_cluster": true, "meta": "contra, VVD", "quote_snippet": "Specifiek de CAK-regelingen zijn daar geen oplossing voor. Die zijn namelijk gekoppeld aan het basispakket van de Zorgverzekeringswet. Abortus is daar geen onderdeel van, dus die bieden geen oplossing"}}, {"type": "Feature", "geometry": {"type": "Point", "coordinates": [-2.0925797016721956, -7.390578363176245]}, "properties": {"argument_id": 1622, "document_id": 5359, "nearest_cluster_id": 69, "nearest_cluster_name": "Abortus", "nearest_cluster_distance": 0.0347, "document_cluster_id": 69, "distance_to_own_document": 0.0403, "lands_in_own_document_cluster": true, "meta": "contra, VVD", "quote_snippet": "de oplossing zoals mevrouw Vliegenthart die voorstelt, is wat mij betreft gewoon geen oplossing. [...] Het voert nu echt te ver om daar een aparte regeling voor op te zetten, juist omdat we al zo veel"}}, {"type": "Feature", "geometry": {"type": "Point", "coordinates": [-2.3715347794044956, -7.58599314747191]}, "properties": {"argument_id": 1623, "document_id": 5360, "nearest_cluster_id": 367, "nearest_cluster_name": "Beraadtermijn", "nearest_cluster_distance": 0.0063, "document_cluster_id": 367, "distance_to_own_document": 0.017, "lands_in_own_document_cluster": true, "meta": "pro, D66", "quote_snippet": "In dit blokje abortuszorg is het wat mijn fractie betreft ook belangrijk dat vrouwen de abortuspil bij de huisarts kunnen krijgen. Daar hebben we ook samen met de partij van deze staatssecretaris om g"}}, {"type": "Feature", "geometry": {"type": "Point", "coordinates": [-1.9447227725827148, -7.4295945652554805]}, "properties": {"argument_id": 1624, "document_id": 5362, "nearest_cluster_id": 69, "nearest_cluster_name": "Abortus", "nearest_cluster_distance": 0.0258, "document_cluster_id": -1, "distance_to_own_document": 7.7045, "lands_in_own_document_cluster": false, "meta": "pro, SP", "quote_snippet": "Ook wil ik het hebben over de toegang tot abortuszorg voor onverzekerde vrouwen, want zij krijgen deze zorg nu niet vergoed. Afgelopen maandag hadden wij ook een debat daarover en wees de staatssecret"}}, {"type": "Feature", "geometry": {"type": "Point", "coordinates": [-2.067338466419937, -7.454758268539645]}, "properties": {"argument_id": 1625, "document_id": 5364, "nearest_cluster_id": 69, "nearest_cluster_name": "Abortus", "nearest_cluster_distance": 0.0395, "document_cluster_id": 69, "distance_to_own_document": 0.0238, "lands_in_own_document_cluster": true, "meta": "pro, VVD", "quote_snippet": "Mevrouw Dobbe vroeg naar de toegang tot abortus voor onverzekerden. Afgelopen maandag hebben we inderdaad een uitgebreid notaoverleg gehad over abortuszorg, ook in Nederland. Niet iedereen komt daarvo"}}, {"type": "Feature", "geometry": {"type": "Point", "coordinates": [15.10647106877438, 0.033166669678575726]}, "properties": {"argument_id": 1626, "document_id": 5366, "nearest_cluster_id": 1318, "nearest_cluster_name": "Rechtsstaat", "nearest_cluster_distance": 0.0765, "document_cluster_id": 69, "distance_to_own_document": 3.4943, "lands_in_own_document_cluster": false, "meta": "pro, VVD", "quote_snippet": "Uiteindelijk is het aan mensen zelf om een keuze te maken, maar dan moet je die keuze wel ge\u00efnformeerd kunnen maken en als die informatie niet klopt, dan kan dat niet. Dat is in strijd met de keuzevri"}}, {"type": "Feature", "geometry": {"type": "Point", "coordinates": [-2.029525748981932, -7.274598517615614]}, "properties": {"argument_id": 1627, "document_id": 5366, "nearest_cluster_id": 69, "nearest_cluster_name": "Abortus", "nearest_cluster_distance": 0.0179, "document_cluster_id": 69, "distance_to_own_document": 0.2145, "lands_in_own_document_cluster": true, "meta": "pro, VVD", "quote_snippet": "Ik heb Fiom en Rutgers opdracht gegeven om onderzoek te doen, niet zozeer naar hoe die informatie eruitziet \u2014 dat weten we \u2014 maar hoe je ervoor zorgt dat die ook bij de goede mensen terechtkomt om zwa"}}, {"type": "Feature", "geometry": {"type": "Point", "coordinates": [22.08997376469541, -4.669287678715202]}, "properties": {"argument_id": 1628, "document_id": 5367, "nearest_cluster_id": 310, "nearest_cluster_name": "VVD", "nearest_cluster_distance": 0.0279, "document_cluster_id": 69, "distance_to_own_document": 4.8877, "lands_in_own_document_cluster": false, "meta": "pro, VVD", "quote_snippet": "Het resultaat is een afgewogen balans tussen beschermwaardigheid van leven en een zo groot mogelijk recht op zelfbeschikking van het individu. Wat de VVD betreft is en blijft dat laatste een grote ver"}}, {"type": "Feature", "geometry": {"type": "Point", "coordinates": [-1.9915476488421509, -7.328022990082625]}, "properties": {"argument_id": 1629, "document_id": 5367, "nearest_cluster_id": 69, "nearest_cluster_name": "Abortus", "nearest_cluster_distance": 0.011, "document_cluster_id": 69, "distance_to_own_document": 0.1079, "lands_in_own_document_cluster": true, "meta": "pro, VVD", "quote_snippet": "De VVD kijkt met zorg naar de stijging van het aantal ongewenste zwangerschappen. De zorg wordt mede gevoed door de uitkomst van het onderzoek van Rutgers over anticonceptiegebruik onder vrouwen die e"}}, {"type": "Feature", "geometry": {"type": "Point", "coordinates": [-1.9490514850379022, -7.350700173358353]}, "properties": {"argument_id": 1630, "document_id": 5367, "nearest_cluster_id": 69, "nearest_cluster_name": "Abortus", "nearest_cluster_distance": 0.0101, "document_cluster_id": 69, "distance_to_own_document": 0.1171, "lands_in_own_document_cluster": true, "meta": "pro, VVD", "quote_snippet": "De opmerking over de rol van mannen bij anticonceptie kan de VVD alleen maar steunen. Het voork\u00f3men van ongewenste zwangerschap en het gebruik van anticonceptie is niet een verantwoordelijkheid van vr"}}, {"type": "Feature", "geometry": {"type": "Point", "coordinates": [-2.5368743378672525, -7.709690617092994]}, "properties": {"argument_id": 1631, "document_id": 5368, "nearest_cluster_id": 367, "nearest_cluster_name": "Beraadtermijn", "nearest_cluster_distance": 0.0473, "document_cluster_id": 69, "distance_to_own_document": 0.079, "lands_in_own_document_cluster": false, "meta": "contra, ChristenUnie", "quote_snippet": "Daarom is mijn vraag: zou het kabinet niet tot doel moeten hebben om juist ook het aantal abortussen omlaag te laten gaan? Kan de heer Bevers ook wat reflecteren op de wetgeving die we in het afgelope"}}, {"type": "Feature", "geometry": {"type": "Point", "coordinates": [-2.2373231216369316, -7.497902231924266]}, "properties": {"argument_id": 1632, "document_id": 5369, "nearest_cluster_id": 367, "nearest_cluster_name": "Beraadtermijn", "nearest_cluster_distance": 0.0259, "document_cluster_id": 69, "distance_to_own_document": 0.0484, "lands_in_own_document_cluster": false, "meta": "pro, VVD", "quote_snippet": "Het laten dalen van het aantal abortussen vind ik geen doel op zich. Ik wil het aantal ongewenste zwangerschappen laten dalen. Dat vind ik belangrijk. Dat heeft te maken met anticonceptie, waar ik net"}}, {"type": "Feature", "geometry": {"type": "Point", "coordinates": [-2.3956351136995724, -7.552813432670506]}, "properties": {"argument_id": 1633, "document_id": 5369, "nearest_cluster_id": 367, "nearest_cluster_name": "Beraadtermijn", "nearest_cluster_distance": 0.0114, "document_cluster_id": 69, "distance_to_own_document": 0.0817, "lands_in_own_document_cluster": false, "meta": "pro, VVD", "quote_snippet": "Ik geloof niet dat het veranderen van de beraadtermijn daar een hele grote invloed op heeft. Dat zou veronderstellen dat vrouwen niet in staat zouden zijn om op dag \u00e9\u00e9n wel of niet een beslissing te n"}}, {"type": "Feature", "geometry": {"type": "Point", "coordinates": [-2.10853793396823, -7.365676557226936]}, "properties": {"argument_id": 1634, "document_id": 5371, "nearest_cluster_id": 69, "nearest_cluster_name": "Abortus", "nearest_cluster_distance": 0.0354, "document_cluster_id": 69, "distance_to_own_document": 0.0078, "lands_in_own_document_cluster": true, "meta": "pro, VVD", "quote_snippet": "Het klinkt wat klinisch, maar het besluit om tot abortus over te gaan is een gevolg van een ongewenste zwangerschap. Wat mij betreft investeren we en investeert het kabinet dus volop in het voorkomen "}}, {"type": "Feature", "geometry": {"type": "Point", "coordinates": [-2.137997626541158, -7.424852818768869]}, "properties": {"argument_id": 1635, "document_id": 5371, "nearest_cluster_id": 69, "nearest_cluster_name": "Abortus", "nearest_cluster_distance": 0.046, "document_cluster_id": 69, "distance_to_own_document": 0.019, "lands_in_own_document_cluster": true, "meta": "pro, VVD", "quote_snippet": "Tijdens een van de debatten heeft de staatssecretaris inderdaad iets gezegd over de stijging van het aantal abortussen. Hij heeft, ik denk enigszins in lijn met wat ik net zei, ook gerefereerd aan de "}}, {"type": "Feature", "geometry": {"type": "Point", "coordinates": [-2.1634401972564485, -7.417783108240072]}, "properties": {"argument_id": 1636, "document_id": 5372, "nearest_cluster_id": 367, "nearest_cluster_name": "Beraadtermijn", "nearest_cluster_distance": 0.0474, "document_cluster_id": 367, "distance_to_own_document": 0.0535, "lands_in_own_document_cluster": true, "meta": "contra, BBB", "quote_snippet": "Ik vind de term \"ongewenste zwangerschappen\" heel vervelend, want we hebben het hier over een ongeboren leven. Ik krijg daarbij de associatie dat het ongeboren leven, oftewel het kind, een ongewenst p"}}, {"type": "Feature", "geometry": {"type": "Point", "coordinates": [22.807600466762374, 14.21613380937778]}, "properties": {"argument_id": 1637, "document_id": 5372, "nearest_cluster_id": 620, "nearest_cluster_name": "Moties", "nearest_cluster_distance": 0.0321, "document_cluster_id": 367, "distance_to_own_document": 6.6472, "lands_in_own_document_cluster": false, "meta": "contra, BBB", "quote_snippet": "Ik hoorde de heer Bevers zeggen dat hij het idee heeft dat dit niet van invloed is, maar ik denk dat het heel belangrijk is om het wel goed op papier te hebben of er goed onderzoek naar te doen. Het i"}}, {"type": "Feature", "geometry": {"type": "Point", "coordinates": [-1.9544276212710059, -7.253860311812049]}, "properties": {"argument_id": 1638, "document_id": 5373, "nearest_cluster_id": 799, "nearest_cluster_name": "Anticonceptie", "nearest_cluster_distance": 0.0038, "document_cluster_id": 69, "distance_to_own_document": 0.0263, "lands_in_own_document_cluster": false, "meta": "pro, SP", "quote_snippet": "Het onderzoek van Rutgers geeft inderdaad aan dat bij 41% van de vrouwen die een abortus ondergaan, geen sprake was van anticonceptie van tevoren. Als je niet wilt dat men overgaat tot abortus als het"}}, {"type": "Feature", "geometry": {"type": "Point", "coordinates": [-2.0047495027752475, -7.334298484127238]}, "properties": {"argument_id": 1639, "document_id": 5373, "nearest_cluster_id": 69, "nearest_cluster_name": "Abortus", "nearest_cluster_distance": 0.014, "document_cluster_id": 69, "distance_to_own_document": 0.0094, "lands_in_own_document_cluster": true, "meta": "pro, SP", "quote_snippet": "De heer Bevers refereert aan maatschappelijke tendensen die het moeilijker maken om anticonceptie te gebruiken. Dat is natuurlijk een factor, maar een andere factor is financieel. Sommige mensen kunne"}}, {"type": "Feature", "geometry": {"type": "Point", "coordinates": [-2.592574752455348, -7.469663069181467]}, "properties": {"argument_id": 1666, "document_id": 5374, "nearest_cluster_id": 367, "nearest_cluster_name": "Beraadtermijn", "nearest_cluster_distance": 0.054, "document_cluster_id": 69, "distance_to_own_document": 0.1055, "lands_in_own_document_cluster": false, "meta": "contra, ChristenUnie", "quote_snippet": "Als we zien dat sinds het afschaffen van de verplichte beraadtermijn meer dan driekwart van de abortussen met nul dagen beraadtermijn gebeurt, dan moet dat toch te denken geven. Is het ministerie met "}}, {"type": "Feature", "geometry": {"type": "Point", "coordinates": [-1.8776588885870646, -7.495450010440388]}, "properties": {"argument_id": 1667, "document_id": 5374, "nearest_cluster_id": 69, "nearest_cluster_name": "Abortus", "nearest_cluster_distance": 0.0412, "document_cluster_id": 69, "distance_to_own_document": 0.0771, "lands_in_own_document_cluster": true, "meta": "contra, ChristenUnie", "quote_snippet": "De ChristenUnie legt zich er niet bij neer dat zo veel vrouwen per jaar geen andere keuze zien dan een abortus. Huisvesting, financi\u00ebn, werk: ze spelen vaak een rol in die keuze, terwijl er hulp besch"}}, {"type": "Feature", "geometry": {"type": "Point", "coordinates": [20.769908213923276, 6.176514193598039]}, "properties": {"argument_id": 1668, "document_id": 5374, "nearest_cluster_id": 2156, "nearest_cluster_name": "Tijdpaden", "nearest_cluster_distance": 0.049, "document_cluster_id": 69, "distance_to_own_document": 5.2804, "lands_in_own_document_cluster": false, "meta": "contra, ChristenUnie", "quote_snippet": "Er is een herziene richtlijn uitgebracht in maart 2024. Maar, stellen de opstellers, er moet direct gewerkt worden aan een herziening, omdat wetenschappelijke kennis zich ontwikkelt en het steeds re\u00ebl"}}, {"type": "Feature", "geometry": {"type": "Point", "coordinates": [-3.6581283094475654, -7.14871344828888]}, "properties": {"argument_id": 1669, "document_id": 5374, "nearest_cluster_id": 177, "nearest_cluster_name": "Embryowet", "nearest_cluster_distance": 0.0288, "document_cluster_id": 69, "distance_to_own_document": 0.3036, "lands_in_own_document_cluster": false, "meta": "contra, ChristenUnie", "quote_snippet": "Datzelfde geldt voor het advies om de veertiendagengrens voor onderzoek naar embryo's op te rekken naar 28 dagen. De ChristenUnie is daartegen. Het heeft ons verbaasd dat het advies het ontstaan van b"}}, {"type": "Feature", "geometry": {"type": "Point", "coordinates": [25.351464454768358, 14.292495022783463]}, "properties": {"argument_id": 1640, "document_id": 5375, "nearest_cluster_id": 1446, "nearest_cluster_name": "Moties", "nearest_cluster_distance": 0.0585, "document_cluster_id": 799, "distance_to_own_document": 6.9339, "lands_in_own_document_cluster": false, "meta": "contra, BBB", "quote_snippet": "Wij hebben daar toen tegen gestemd. Daar heb ik nu spijt van; soms heb je voortschrijdend inzicht. Onze tegenstem was heel erg gebaseerd op de administratieve lasten die dit met zich mee zou brengen v"}}, {"type": "Feature", "geometry": {"type": "Point", "coordinates": [-2.297486472322236, -7.5747969224418]}, "properties": {"argument_id": 1641, "document_id": 5376, "nearest_cluster_id": 367, "nearest_cluster_name": "Beraadtermijn", "nearest_cluster_distance": 0.0089, "document_cluster_id": 367, "distance_to_own_document": 0.0109, "lands_in_own_document_cluster": true, "meta": "contra, ChristenUnie", "quote_snippet": "Los van wat ik principieel van abortus vind, is het ook heel ingrijpend voor een vrouw. Er moet in die zin niet normaliserend over gesproken worden, naast dat ik vind dat het begin van het leven ook b"}}, {"type": "Feature", "geometry": {"type": "Point", "coordinates": [-2.4051170552680787, -7.607566425068647]}, "properties": {"argument_id": 1642, "document_id": 5376, "nearest_cluster_id": 367, "nearest_cluster_name": "Beraadtermijn", "nearest_cluster_distance": 0.0142, "document_cluster_id": 367, "distance_to_own_document": 0.0259, "lands_in_own_document_cluster": true, "meta": "contra, ChristenUnie", "quote_snippet": "Ik heb zelf \u2014 ik ben raadslid geweest in Utrecht \u2014 ook gezien dat er familiedruk kan bestaan waardoor vrouwen het niet aandurven om een kind te houden. Dat vind ik vreselijk. Ik wil dat echt voorkomen"}}, {"type": "Feature", "geometry": {"type": "Point", "coordinates": [-2.637374289830712, -7.080991934927255]}, "properties": {"argument_id": 1643, "document_id": 5377, "nearest_cluster_id": 367, "nearest_cluster_name": "Beraadtermijn", "nearest_cluster_distance": 0.115, "document_cluster_id": 69, "distance_to_own_document": 0.1115, "lands_in_own_document_cluster": false, "meta": "contra, SGP", "quote_snippet": "Ons leven is een prachtig geschenk van de schepper. Het leven is het beschermen waard, van het prilste begin tot het fragielste einde. Ons leven is broos en we leven in een gebroken wereld. Dat vraagt"}}, {"type": "Feature", "geometry": {"type": "Point", "coordinates": [-2.067237798688421, -7.332836070414093]}, "properties": {"argument_id": 1644, "document_id": 5377, "nearest_cluster_id": 69, "nearest_cluster_name": "Abortus", "nearest_cluster_distance": 0.0255, "document_cluster_id": 69, "distance_to_own_document": 0.0208, "lands_in_own_document_cluster": true, "meta": "contra, SGP", "quote_snippet": "In 2023 steeg het aantal abortussen opnieuw explosief: 39.332 keer werd pril leven in de moederschoot gedood. Hartverscheurend. Nederland schiet tekort in het erkennen van de waarde van het ongeboren "}}, {"type": "Feature", "geometry": {"type": "Point", "coordinates": [-1.9185036222243006, -7.410446410613331]}, "properties": {"argument_id": 1645, "document_id": 5377, "nearest_cluster_id": 69, "nearest_cluster_name": "Abortus", "nearest_cluster_distance": 0.0225, "document_cluster_id": 69, "distance_to_own_document": 0.049, "lands_in_own_document_cluster": true, "meta": "contra, SGP", "quote_snippet": "De SGP heeft er meermaals voor gepleit \u2014 dat kwam net ook aan de orde \u2014 om motieven voor abortus te laten registreren. Zo kunnen we de hulp aan onbedoeld zwangere vrouwen en hun kindje verbeteren."}}, {"type": "Feature", "geometry": {"type": "Point", "coordinates": [17.78671586447702, -3.678053444727695]}, "properties": {"argument_id": 1646, "document_id": 5377, "nearest_cluster_id": 1189, "nearest_cluster_name": "Digitale overheid", "nearest_cluster_distance": 0.087, "document_cluster_id": 69, "distance_to_own_document": 4.037, "lands_in_own_document_cluster": false, "meta": "contra, SGP", "quote_snippet": "De Gezondheidsraad adviseert invoering van een preconceptiedragerschapstest voor iedereen met een kinderwens. Dit advies is sterk ingestoken vanuit de keuzemogelijkheid voor wensouders. Het Rathenau I"}}, {"type": "Feature", "geometry": {"type": "Point", "coordinates": [-2.149421017217472, -7.612661236012896]}, "properties": {"argument_id": 1647, "document_id": 5378, "nearest_cluster_id": 367, "nearest_cluster_name": "Beraadtermijn", "nearest_cluster_distance": 0.0392, "document_cluster_id": 69, "distance_to_own_document": 0.0292, "lands_in_own_document_cluster": false, "meta": "pro, GroenLinks-PvdA", "quote_snippet": "Want ja, reproductieve rechten zijn ook vrouwenrechten. Elke vrouw heeft recht op zorg en moet haar eigen keuze kunnen maken over haar lichaam en zorg. Want dat is abortus: het is zorg."}}, {"type": "Feature", "geometry": {"type": "Point", "coordinates": [-2.399992588363765, -7.7372490584576]}, "properties": {"argument_id": 1648, "document_id": 5378, "nearest_cluster_id": 367, "nearest_cluster_name": "Beraadtermijn", "nearest_cluster_distance": 0.0347, "document_cluster_id": 69, "distance_to_own_document": 0.0767, "lands_in_own_document_cluster": false, "meta": "pro, GroenLinks-PvdA", "quote_snippet": "Daarom is GroenLinks-PvdA bezig met het wetsvoorstel om abortus uit het Wetboek van Strafrecht te halen. Abortus is namelijk geen misdaad. Artsen en vrouwen zijn geen criminelen. Het gaat hier om zorg"}}, {"type": "Feature", "geometry": {"type": "Point", "coordinates": [5.837499276842904, 12.27915809968491]}, "properties": {"argument_id": 1649, "document_id": 5378, "nearest_cluster_id": 1559, "nearest_cluster_name": "Recidive", "nearest_cluster_distance": 0.049, "document_cluster_id": 69, "distance_to_own_document": 4.2576, "lands_in_own_document_cluster": false, "meta": "pro, GroenLinks-PvdA", "quote_snippet": "We zien dat in Frankrijk al de toegang en het recht op de zorg in de grondwet zijn verankerd."}}, {"type": "Feature", "geometry": {"type": "Point", "coordinates": [-2.239257380192489, -7.451671882061034]}, "properties": {"argument_id": 1650, "document_id": 5378, "nearest_cluster_id": 367, "nearest_cluster_name": "Beraadtermijn", "nearest_cluster_distance": 0.032, "document_cluster_id": 69, "distance_to_own_document": 0.0228, "lands_in_own_document_cluster": false, "meta": "pro, GroenLinks-PvdA", "quote_snippet": "Voor mensen die geen Nederlandse nationaliteit en geen baan hebben, bijvoorbeeld buitenlandse studenten, kost een abortuspil \u20ac504. Voor velen is dit onbetaalbaar. Ik zou daarom dit kabinet willen opro"}}, {"type": "Feature", "geometry": {"type": "Point", "coordinates": [-2.2226951415073586, -7.57953625543206]}, "properties": {"argument_id": 1651, "document_id": 5379, "nearest_cluster_id": 367, "nearest_cluster_name": "Beraadtermijn", "nearest_cluster_distance": 0.0238, "document_cluster_id": 367, "distance_to_own_document": 0.0169, "lands_in_own_document_cluster": true, "meta": "contra, SGP", "quote_snippet": "Ik geloof dat alle sprekers voorafgaand aan haar hebben gewezen op de grote stijging van de abortuscijfers. De bedenktermijn is afgeschaft, de abortuspil is verkrijgbaar via de huisarts, 40.000 abortu"}}, {"type": "Feature", "geometry": {"type": "Point", "coordinates": [-2.039005293699687, -7.668240174567463]}, "properties": {"argument_id": 1652, "document_id": 5380, "nearest_cluster_id": 367, "nearest_cluster_name": "Beraadtermijn", "nearest_cluster_distance": 0.0632, "document_cluster_id": 69, "distance_to_own_document": 0.0775, "lands_in_own_document_cluster": false, "meta": "pro, GroenLinks-PvdA", "quote_snippet": "Wij zijn voor een goed zelfbeschikkingsrecht voor vrouwen wat betreft goede anticonceptie. Daarnaast zijn wij voor goede rechten voor vrouwen voor als zij een ongewenste zwangerschap hebben. Ze moeten"}}, {"type": "Feature", "geometry": {"type": "Point", "coordinates": [-2.3514395827133043, -7.584655083339533]}, "properties": {"argument_id": 1653, "document_id": 5381, "nearest_cluster_id": 367, "nearest_cluster_name": "Beraadtermijn", "nearest_cluster_distance": 0.0028, "document_cluster_id": 367, "distance_to_own_document": 0.0082, "lands_in_own_document_cluster": true, "meta": "contra, SGP", "quote_snippet": "Een van de pijlers van onze abortuswet, die toch heel liberaal is, is de waarde van het ongeboren leven. Daar hoor ik GroenLinks-PvdA, met alle respect, nooit over. Dat is eigenlijk mijn vraag. We heb"}}, {"type": "Feature", "geometry": {"type": "Point", "coordinates": [-2.4207852686233164, -7.571742238908763]}, "properties": {"argument_id": 1654, "document_id": 5382, "nearest_cluster_id": 367, "nearest_cluster_name": "Beraadtermijn", "nearest_cluster_distance": 0.0156, "document_cluster_id": 367, "distance_to_own_document": 0.0325, "lands_in_own_document_cluster": true, "meta": "contra, FVD", "quote_snippet": "In dat kader wil ik graag aandacht vragen voor de ongekend lange abortustermijn die in Nederland geldt. Voordat ik daarop inga, wil ik opgemerkt hebben dat vanzelfsprekend iedere vrouw die als gevolg "}}, {"type": "Feature", "geometry": {"type": "Point", "coordinates": [-2.277923376497629, -7.600005521901584]}, "properties": {"argument_id": 1655, "document_id": 5382, "nearest_cluster_id": 367, "nearest_cluster_name": "Beraadtermijn", "nearest_cluster_distance": 0.0138, "document_cluster_id": 367, "distance_to_own_document": 0.0102, "lands_in_own_document_cluster": true, "meta": "contra, FVD", "quote_snippet": "Nederland is het enige land in de Europese Unie waar abortussen tot 24 weken zijn toegestaan. In de meeste landen om ons heen geldt een grens van tien of twaalf weken."}}, {"type": "Feature", "geometry": {"type": "Point", "coordinates": [-2.6373670992784612, -7.755641405352621]}, "properties": {"argument_id": 1656, "document_id": 5384, "nearest_cluster_id": 367, "nearest_cluster_name": "Beraadtermijn", "nearest_cluster_distance": 0.0691, "document_cluster_id": 69, "distance_to_own_document": 0.145, "lands_in_own_document_cluster": false, "meta": "pro, SP", "quote_snippet": "In Nederland staat abortus nog steeds in het strafrecht. We hebben er eerder al voor gepleit om abortus uit het strafrecht te halen."}}, {"type": "Feature", "geometry": {"type": "Point", "coordinates": [-1.903240476645877, -7.119719329493303]}, "properties": {"argument_id": 1657, "document_id": 5384, "nearest_cluster_id": 799, "nearest_cluster_name": "Anticonceptie", "nearest_cluster_distance": 0.026, "document_cluster_id": 69, "distance_to_own_document": 0.0549, "lands_in_own_document_cluster": false, "meta": "pro, SP", "quote_snippet": "Daarom pleit de SP voor de pil, het spiraaltje \u00e9n condooms in het basispakket. Via een aantal aanvullende verzekeringen kun je namelijk al jaarlijks gratis een aantal condooms bestellen. Waarom geldt "}}, {"type": "Feature", "geometry": {"type": "Point", "coordinates": [-2.0638486517273824, -7.423140810078416]}, "properties": {"argument_id": 1658, "document_id": 5384, "nearest_cluster_id": 69, "nearest_cluster_name": "Abortus", "nearest_cluster_distance": 0.0343, "document_cluster_id": 69, "distance_to_own_document": 0.014, "lands_in_own_document_cluster": true, "meta": "pro, SP", "quote_snippet": "Is de staatssecretaris ook bereid om te kijken hoe voor deze groep vrouwen bijvoorbeeld de abortuspil of abortus vergoed kan worden? Zo hoeven ze geen gevaarlijke illegale abortus te ondergaan of een "}}, {"type": "Feature", "geometry": {"type": "Point", "coordinates": [-1.780809340316434, -7.917802444116021]}, "properties": {"argument_id": 1659, "document_id": 5385, "nearest_cluster_id": 2391, "nearest_cluster_name": "Bufferzones", "nearest_cluster_distance": 0.1132, "document_cluster_id": 367, "distance_to_own_document": 0.1271, "lands_in_own_document_cluster": false, "meta": "contra, BBB", "quote_snippet": "Dat zijn best schrikbarende cijfers, want het afbreken van ongeboren leven is niet zomaar een medische handeling. We mogen nooit vergeten dat het hier gaat om ongeboren leven dat bescherming verdient."}}, {"type": "Feature", "geometry": {"type": "Point", "coordinates": [-2.0874384568126287, -7.365025090377982]}, "properties": {"argument_id": 1660, "document_id": 5385, "nearest_cluster_id": 69, "nearest_cluster_name": "Abortus", "nearest_cluster_distance": 0.0314, "document_cluster_id": 367, "distance_to_own_document": 0.0507, "lands_in_own_document_cluster": false, "meta": "contra, BBB", "quote_snippet": "Hoewel de cijfers geen oorzaken noemen, zei Monique Opheij van het NGvA, het Nederlands Genootschap van Abortusartsen: het kan te maken hebben met het woningtekort, de economische situatie, maar ook d"}}, {"type": "Feature", "geometry": {"type": "Point", "coordinates": [-1.9567669476033775, -7.264031932372476]}, "properties": {"argument_id": 1661, "document_id": 5385, "nearest_cluster_id": 799, "nearest_cluster_name": "Anticonceptie", "nearest_cluster_distance": 0.0054, "document_cluster_id": 367, "distance_to_own_document": 0.0836, "lands_in_own_document_cluster": false, "meta": "contra, BBB", "quote_snippet": "Er zijn onderzoeken die laten zien dat dit relatief betrouwbaar kan zijn, maar dan gaat het wel om vrouwen die uitgebreid geschoold zijn in een zeer nauwkeurige vorm van meten en registratie. Zelfs da"}}, {"type": "Feature", "geometry": {"type": "Point", "coordinates": [-2.4973742375009795, -7.535865027433393]}, "properties": {"argument_id": 1662, "document_id": 5385, "nearest_cluster_id": 367, "nearest_cluster_name": "Beraadtermijn", "nearest_cluster_distance": 0.0318, "document_cluster_id": 367, "distance_to_own_document": 0.0427, "lands_in_own_document_cluster": true, "meta": "contra, BBB", "quote_snippet": "De meerderheid van de Kamer heeft gestemd voor het afschaffen van de vijf dagen bedenktijd. Mijn fractie was daar heel kritisch op en heeft daar ook tegen gestemd. Die kritiek hebben wij nog steeds. I"}}, {"type": "Feature", "geometry": {"type": "Point", "coordinates": [-2.158687242218444, -7.432457956118486]}, "properties": {"argument_id": 1663, "document_id": 5386, "nearest_cluster_id": 367, "nearest_cluster_name": "Beraadtermijn", "nearest_cluster_distance": 0.0463, "document_cluster_id": 69, "distance_to_own_document": 0.0425, "lands_in_own_document_cluster": false, "meta": "contra, VVD", "quote_snippet": "Allereerst zou ik graag willen weten van mevrouw Van der Plas: denkt u dan ook niet dat vrouwen het gevoel krijgen dat ze zich moeten verantwoorden voor de keuze waarvan zij denken dat het noodzakelij"}}, {"type": "Feature", "geometry": {"type": "Point", "coordinates": [-2.4348475919757995, -7.5877017309706405]}, "properties": {"argument_id": 1664, "document_id": 5388, "nearest_cluster_id": 367, "nearest_cluster_name": "Beraadtermijn", "nearest_cluster_distance": 0.0186, "document_cluster_id": 367, "distance_to_own_document": 0.0295, "lands_in_own_document_cluster": true, "meta": "contra, BBB", "quote_snippet": "Ons standpunt was destijds \u2014 en dat is het nu nog steeds \u2014 dat die vijf dagen overkomelijk zijn. Die beraadtermijn kan ook heel veel vrouwen helpen."}}, {"type": "Feature", "geometry": {"type": "Point", "coordinates": [5.594870869083375, 18.994604977127928]}, "properties": {"argument_id": 1665, "document_id": 5388, "nearest_cluster_id": 1033, "nearest_cluster_name": "Kamerprocedure", "nearest_cluster_distance": 0.0157, "document_cluster_id": 367, "distance_to_own_document": 5.5901, "lands_in_own_document_cluster": false, "meta": "contra, BBB", "quote_snippet": "We hebben het hier over ongeboren leven. We hebben het hier niet over een leuk technisch succesje; we hebben het hier over leven dat afgebroken wordt."}}, {"type": "Feature", "geometry": {"type": "Point", "coordinates": [-2.1605256267439854, -7.107229925847726]}, "properties": {"argument_id": 1670, "document_id": 5389, "nearest_cluster_id": 799, "nearest_cluster_name": "Anticonceptie", "nearest_cluster_distance": 0.0522, "document_cluster_id": 799, "distance_to_own_document": 0.0489, "lands_in_own_document_cluster": true, "meta": "pro, SP", "quote_snippet": "Sommige mensen kunnen dat niet omdat er een financi\u00eble barri\u00e8re is. Daarom vraag ik aan mevrouw Van der Plas of zij bereid is om te kijken wat de gevolgen zouden zijn als we anticonceptie opnemen in h"}}, {"type": "Feature", "geometry": {"type": "Point", "coordinates": [-2.324357566084753, -7.521035858614066]}, "properties": {"argument_id": 1671, "document_id": 5390, "nearest_cluster_id": 367, "nearest_cluster_name": "Beraadtermijn", "nearest_cluster_distance": 0.0112, "document_cluster_id": 69, "distance_to_own_document": 0.0266, "lands_in_own_document_cluster": false, "meta": "pro, D66", "quote_snippet": "De stijging van het aantal abortussen was al ingegaan voordat de beraadtermijn in Nederland van start ging en die stijging zit vooral bij de termijn waar de beraadtermijn al niet van toepassing was, n"}}, {"type": "Feature", "geometry": {"type": "Point", "coordinates": [-2.245335793695454, -7.499645471808699]}, "properties": {"argument_id": 1672, "document_id": 5390, "nearest_cluster_id": 367, "nearest_cluster_name": "Beraadtermijn", "nearest_cluster_distance": 0.0244, "document_cluster_id": 69, "distance_to_own_document": 0.0341, "lands_in_own_document_cluster": false, "meta": "pro, D66", "quote_snippet": "Ik ben echt niet van de koplopers en lijstjes, maar in Europa hebben wij het laagste aantal abortussen, samen met Denemarken. En waar komt dat door? Door ontzettend goede seksuele voorlichting."}}, {"type": "Feature", "geometry": {"type": "Point", "coordinates": [-2.3202589513016023, -7.793578538392738]}, "properties": {"argument_id": 1673, "document_id": 5392, "nearest_cluster_id": 367, "nearest_cluster_name": "Beraadtermijn", "nearest_cluster_distance": 0.0443, "document_cluster_id": 799, "distance_to_own_document": 0.147, "lands_in_own_document_cluster": false, "meta": "pro, D66", "quote_snippet": "Het mag duidelijk zijn dat abortus voor D66 nog steeds een vorm van zorg is. Zorg hoort niet thuis in het Wetboek van Strafrecht. Dit blijft een heikel punt, want als een vorm van zorg vanuit het begi"}}, {"type": "Feature", "geometry": {"type": "Point", "coordinates": [-2.0623050798441374, -7.611469956450738]}, "properties": {"argument_id": 1674, "document_id": 5394, "nearest_cluster_id": 367, "nearest_cluster_name": "Beraadtermijn", "nearest_cluster_distance": 0.0562, "document_cluster_id": 69, "distance_to_own_document": 0.0214, "lands_in_own_document_cluster": false, "meta": "pro, D66", "quote_snippet": "Voor mij en voor D66 staat te allen tijde voorop dat het argument om te kiezen voor of over te gaan tot een abortus altijd het argument van vrouwen zelf is en dat we heel ver weg moeten blijven van de"}}, {"type": "Feature", "geometry": {"type": "Point", "coordinates": [-2.166208559873138, -7.443926855321198]}, "properties": {"argument_id": 1675, "document_id": 5394, "nearest_cluster_id": 367, "nearest_cluster_name": "Beraadtermijn", "nearest_cluster_distance": 0.0437, "document_cluster_id": 69, "distance_to_own_document": 0.0234, "lands_in_own_document_cluster": false, "meta": "unclear, D66", "quote_snippet": "We zien immers dat de toename zich vooral voordoet in de eerste termijn, bij vrouwen in het begin van hun zwangerschap, en de rol van seksuele voorlichting is dan heel groot. Dat zien we terug in de c"}}, {"type": "Feature", "geometry": {"type": "Point", "coordinates": [-2.167641876621866, -7.518644807379002]}, "properties": {"argument_id": 1676, "document_id": 5396, "nearest_cluster_id": 367, "nearest_cluster_name": "Beraadtermijn", "nearest_cluster_distance": 0.0365, "document_cluster_id": 69, "distance_to_own_document": 0.0433, "lands_in_own_document_cluster": false, "meta": "pro, VVD", "quote_snippet": "Het zelf kunnen maken van keuzes over het eigen lichaam, in vrijheid en zonder intimidatie, is een belangrijke verworvenheid. Het is ook een verworvenheid waarvoor ik sta. Ik denk daarbij bijvoorbeeld"}}, {"type": "Feature", "geometry": {"type": "Point", "coordinates": [-2.108298248893192, -7.520218286093369]}, "properties": {"argument_id": 1677, "document_id": 5396, "nearest_cluster_id": 367, "nearest_cluster_name": "Beraadtermijn", "nearest_cluster_distance": 0.0478, "document_cluster_id": 69, "distance_to_own_document": 0.0544, "lands_in_own_document_cluster": false, "meta": "pro, VVD", "quote_snippet": "Ik wil benadrukken dat het voor mijn geen doel op zich is om het aantal abortussen omlaag te brengen. Dat heb ik al eerder gezegd. Uiteindelijk is het altijd aan de vrouw zelf om in overleg met de art"}}, {"type": "Feature", "geometry": {"type": "Point", "coordinates": [-1.9936161310397293, -7.4120895779755624]}, "properties": {"argument_id": 1678, "document_id": 5396, "nearest_cluster_id": 69, "nearest_cluster_name": "Abortus", "nearest_cluster_distance": 0.0245, "document_cluster_id": 69, "distance_to_own_document": 0.0742, "lands_in_own_document_cluster": true, "meta": "pro, VVD", "quote_snippet": "Het standaard registreren van de redenen voor abortus vind ik daarom niet zinvol en bovendien onwenselijk. Zo'n registratie geeft vrouwen het gevoel zich te moeten verantwoorden voor hun besluit."}}, {"type": "Feature", "geometry": {"type": "Point", "coordinates": [-2.1934679434572173, -7.571929419317986]}, "properties": {"argument_id": 1679, "document_id": 5396, "nearest_cluster_id": 367, "nearest_cluster_name": "Beraadtermijn", "nearest_cluster_distance": 0.0296, "document_cluster_id": 69, "distance_to_own_document": 0.0446, "lands_in_own_document_cluster": false, "meta": "pro, VVD", "quote_snippet": "Uit de laatste evaluatie van de Wet afbreking zwangerschap blijkt dat de abortuspraktijk zorgvuldig is en dat de zorgverleners volgens de wettelijke regels handelen. In november bracht ik zelf een wer"}}, {"type": "Feature", "geometry": {"type": "Point", "coordinates": [-2.71814816011854, -7.8755091578517264]}, "properties": {"argument_id": 1680, "document_id": 5396, "nearest_cluster_id": 367, "nearest_cluster_name": "Beraadtermijn", "nearest_cluster_distance": 0.0962, "document_cluster_id": 69, "distance_to_own_document": 0.1136, "lands_in_own_document_cluster": false, "meta": "pro, VVD", "quote_snippet": "Een verplichte minimale beraadtermijn is geen noodzakelijke voorwaarde voor zorgvuldige besluitvorming. Dat blijkt ook uit de evaluatie van de Wet afbreking zwangerschap."}}, {"type": "Feature", "geometry": {"type": "Point", "coordinates": [21.433581805599168, -3.447505050583568]}, "properties": {"argument_id": 1681, "document_id": 5397, "nearest_cluster_id": 363, "nearest_cluster_name": "Belastingdienst", "nearest_cluster_distance": 0.0473, "document_cluster_id": 367, "distance_to_own_document": 4.7981, "lands_in_own_document_cluster": false, "meta": "contra, ChristenUnie", "quote_snippet": "Dat is ook de reden dat ik gevraagd heb, met mevrouw Dobbe en mevrouw Van der Plas, om ook te bekijken hoe we de keuzevrijheid van vrouwen, ook sociaal-economisch gezien, kunnen vergroten, ook als ze "}}, {"type": "Feature", "geometry": {"type": "Point", "coordinates": [-2.3820809227061703, -7.617358094035758]}, "properties": {"argument_id": 1682, "document_id": 5397, "nearest_cluster_id": 367, "nearest_cluster_name": "Beraadtermijn", "nearest_cluster_distance": 0.0118, "document_cluster_id": 367, "distance_to_own_document": 0.0167, "lands_in_own_document_cluster": true, "meta": "contra, ChristenUnie", "quote_snippet": "Ik stelde de vraag over de bezwaartermijn, omdat ik in Utrecht heb gezien dat er ook een familiedruk kan zijn waardoor het ongewenst is dat een ongehuwd meisje een kind heeft. Ik denk dat de staatssec"}}, {"type": "Feature", "geometry": {"type": "Point", "coordinates": [-2.2562462583111866, -7.455354644101244]}, "properties": {"argument_id": 1683, "document_id": 5398, "nearest_cluster_id": 367, "nearest_cluster_name": "Beraadtermijn", "nearest_cluster_distance": 0.0293, "document_cluster_id": 367, "distance_to_own_document": 0.016, "lands_in_own_document_cluster": true, "meta": "unclear, VVD", "quote_snippet": "Die nieuwsgierigheid is er wel, alleen het punt is dat nog geen jaar geleden mijn voorganger een onderzoek naar de Kamer heeft gestuurd, waarbij dit precies de onderzoeksvraag was. Daaruit bleek dat e"}}, {"type": "Feature", "geometry": {"type": "Point", "coordinates": [6.530936961137028, 12.265193447109292]}, "properties": {"argument_id": 1684, "document_id": 5398, "nearest_cluster_id": 2013, "nearest_cluster_name": "Briefwisseling", "nearest_cluster_distance": 0.0306, "document_cluster_id": 367, "distance_to_own_document": 4.3321, "lands_in_own_document_cluster": false, "meta": "unclear, VVD", "quote_snippet": "Dit is afgesproken in het vorige coalitieakkoord en daar is op deze manier invulling aan gegeven. Dit is de uitkomst daarvan."}}, {"type": "Feature", "geometry": {"type": "Point", "coordinates": [-2.545220172180078, -7.8352970138325055]}, "properties": {"argument_id": 1685, "document_id": 5398, "nearest_cluster_id": 367, "nearest_cluster_name": "Beraadtermijn", "nearest_cluster_distance": 0.0662, "document_cluster_id": 367, "distance_to_own_document": 0.0804, "lands_in_own_document_cluster": true, "meta": "unclear, VVD", "quote_snippet": "Als het gaat om dwang \u2014 mevrouw Van der Plas sprak daar ook over en ik snap deze vraag ook heel goed \u2014 willen we natuurlijk zo zeker mogelijk weten dat vrouwen niet onder dwang kiezen voor een zwanger"}}, {"type": "Feature", "geometry": {"type": "Point", "coordinates": [16.372684176886963, 5.664827603286263]}, "properties": {"argument_id": 1686, "document_id": 5398, "nearest_cluster_id": 1295, "nearest_cluster_name": "Kamerwerk", "nearest_cluster_distance": 0.0139, "document_cluster_id": 367, "distance_to_own_document": 4.5496, "lands_in_own_document_cluster": false, "meta": "unclear, VVD", "quote_snippet": "Nogmaals, in de wetsevaluatie van 2027 wordt het eventuele effect van het afschaffen van de minimale beraadtermijn meegenomen. Dat is over twee jaar."}}, {"type": "Feature", "geometry": {"type": "Point", "coordinates": [9.895516201983847, 7.773995816058778]}, "properties": {"argument_id": 1687, "document_id": 5399, "nearest_cluster_id": 398, "nearest_cluster_name": "Rapportages", "nearest_cluster_distance": 0.1497, "document_cluster_id": 69, "distance_to_own_document": 3.7945, "lands_in_own_document_cluster": false, "meta": "contra, ChristenUnie", "quote_snippet": "Ik zou er zeer aan hechten dat we in de vervolgonderzoeken wel een stap verder kunnen komen, juist ook als we weten dat financi\u00ebn of huisvesting voor een deel van de mensen wel een rol spelen. Dat is "}}, {"type": "Feature", "geometry": {"type": "Point", "coordinates": [-2.0988378789814393, -7.401465015820588]}, "properties": {"argument_id": 1688, "document_id": 5400, "nearest_cluster_id": 69, "nearest_cluster_name": "Abortus", "nearest_cluster_distance": 0.0369, "document_cluster_id": 367, "distance_to_own_document": 0.0661, "lands_in_own_document_cluster": false, "meta": "pro, VVD", "quote_snippet": "Een van de aanbevelingen uit het onderzoek is: ga niet met vinklijstjes werken. Dat is precies wat er letterlijk uit dat onderzoek komt: ga niet met vinklijstjes werken, want zo simpel zit de wereld n"}}, {"type": "Feature", "geometry": {"type": "Point", "coordinates": [-2.022447848716058, -7.493732151315585]}, "properties": {"argument_id": 1689, "document_id": 5400, "nearest_cluster_id": 69, "nearest_cluster_name": "Abortus", "nearest_cluster_distance": 0.0418, "document_cluster_id": 367, "distance_to_own_document": 0.0731, "lands_in_own_document_cluster": false, "meta": "pro, VVD", "quote_snippet": "Er is wel effect wat betreft het stigma voor vrouwen. Zij kunnen het gevoel krijgen dat ze zich moeten verantwoorden richting de overheid. Ik vind niet dat vrouwen dat hoeven te doen. Vrouwen maken hu"}}, {"type": "Feature", "geometry": {"type": "Point", "coordinates": [-2.032989198316232, -7.567031406185287]}, "properties": {"argument_id": 1690, "document_id": 5400, "nearest_cluster_id": 69, "nearest_cluster_name": "Abortus", "nearest_cluster_distance": 0.0563, "document_cluster_id": 367, "distance_to_own_document": 0.0691, "lands_in_own_document_cluster": false, "meta": "pro, VVD", "quote_snippet": "Ik moet zeggen dat ik enige moeite heb met de term \"normaliseren\". Dat suggereert namelijk dat abortus iets is waar vrouwen en mannen wellicht lichtzinnig over denken. En dat is niet zo. Steeds meer b"}}, {"type": "Feature", "geometry": {"type": "Point", "coordinates": [-2.4324099947626627, -7.541408659087127]}, "properties": {"argument_id": 1691, "document_id": 5400, "nearest_cluster_id": 367, "nearest_cluster_name": "Beraadtermijn", "nearest_cluster_distance": 0.0191, "document_cluster_id": 367, "distance_to_own_document": 0.0126, "lands_in_own_document_cluster": true, "meta": "pro, VVD", "quote_snippet": "De Wet afbreking zwangerschap is de afgelopen jaren op twee punten gewijzigd. De verplichte minimale beraadtermijn geldt niet meer sinds 2023. Sinds 1 januari van dit jaar is abortuszorg ook via de hu"}}, {"type": "Feature", "geometry": {"type": "Point", "coordinates": [-2.2771444000037557, -7.639658019304325]}, "properties": {"argument_id": 1692, "document_id": 5400, "nearest_cluster_id": 367, "nearest_cluster_name": "Beraadtermijn", "nearest_cluster_distance": 0.0185, "document_cluster_id": 367, "distance_to_own_document": 0.0241, "lands_in_own_document_cluster": true, "meta": "pro, VVD", "quote_snippet": "Artikel 5 van de Wet afbreking zwangerschap bevat zorgvuldigheidseisen over de besluitvorming rond abortus en de nazorg. Deze eisen worden in de praktijk goed nageleefd. Dat blijkt ook uit de wetseval"}}, {"type": "Feature", "geometry": {"type": "Point", "coordinates": [-2.097100162187413, -7.400420153045235]}, "properties": {"argument_id": 1693, "document_id": 5401, "nearest_cluster_id": 69, "nearest_cluster_name": "Abortus", "nearest_cluster_distance": 0.0365, "document_cluster_id": 69, "distance_to_own_document": 0.0234, "lands_in_own_document_cluster": true, "meta": "contra, PVV", "quote_snippet": "Hij zei volgens mij letterlijk dat het niet een doel is om het aantal abortussen terug te dringen. Tegelijkertijd had hij het wel over anticonceptie en het niet-gebruiken van anticonceptie als mogelij"}}, {"type": "Feature", "geometry": {"type": "Point", "coordinates": [1.2646939380874624, 16.567735626273063]}, "properties": {"argument_id": 1694, "document_id": 5402, "nearest_cluster_id": 145, "nearest_cluster_name": "Collegialiteit", "nearest_cluster_distance": 0.0867, "document_cluster_id": 69, "distance_to_own_document": 4.8797, "lands_in_own_document_cluster": false, "meta": "pro, VVD", "quote_snippet": "Daarvan zeg ik: dat is het recht van een vrouw."}}, {"type": "Feature", "geometry": {"type": "Point", "coordinates": [-2.4423401474214894, -7.365660846264594]}, "properties": {"argument_id": 1695, "document_id": 5402, "nearest_cluster_id": 367, "nearest_cluster_name": "Beraadtermijn", "nearest_cluster_distance": 0.0463, "document_cluster_id": 69, "distance_to_own_document": 0.0381, "lands_in_own_document_cluster": false, "meta": "pro, VVD", "quote_snippet": "Ik heb al gezegd: in het onderzoek dat mijn voorganger nog geen jaar geleden naar de Kamer heeft gestuurd, stond al dat er dus niet \u00e9\u00e9n reden uit te halen valt en dat daarin ook echt gezegd wordt: ga "}}, {"type": "Feature", "geometry": {"type": "Point", "coordinates": [-2.3640470176603063, -7.568038114196343]}, "properties": {"argument_id": 1696, "document_id": 5404, "nearest_cluster_id": 367, "nearest_cluster_name": "Beraadtermijn", "nearest_cluster_distance": 0.0045, "document_cluster_id": 69, "distance_to_own_document": 0.0467, "lands_in_own_document_cluster": false, "meta": "contra, VVD", "quote_snippet": "Ik zeg dat ik geen voorstander ben van dat voorstel omdat ik dat zie als een inperking. Ik zie dat de balans nu goed is. Dat betekent ook de balans waarbij nadrukkelijk het belang van het ongeboren le"}}, {"type": "Feature", "geometry": {"type": "Point", "coordinates": [-2.4315998592090344, -7.654825875080515]}, "properties": {"argument_id": 1697, "document_id": 5405, "nearest_cluster_id": 367, "nearest_cluster_name": "Beraadtermijn", "nearest_cluster_distance": 0.024, "document_cluster_id": 69, "distance_to_own_document": 0.0718, "lands_in_own_document_cluster": false, "meta": "contra, SGP", "quote_snippet": "Wat denkt de staatssecretaris dat het doet met de waarde van het ongeboren leven als we over abortus spreken als \"gewone zorg\" of zelfs als \"mensenrecht\"? Dan is er geen enkele drempel. Je mag eigenli"}}, {"type": "Feature", "geometry": {"type": "Point", "coordinates": [-2.1524578271182047, -7.4634344502553684]}, "properties": {"argument_id": 1698, "document_id": 5407, "nearest_cluster_id": 367, "nearest_cluster_name": "Beraadtermijn", "nearest_cluster_distance": 0.0438, "document_cluster_id": 69, "distance_to_own_document": 0.0239, "lands_in_own_document_cluster": false, "meta": "contra, ChristenUnie", "quote_snippet": "Als ik de stijging van het aantal abortussen zie en er wordt gesproken over anticonceptie, dan is mijn zorg dat dat abortus in die zin normaliseert als een uitweg als iemand zwanger is geworden en die"}}, {"type": "Feature", "geometry": {"type": "Point", "coordinates": [-2.348978016992663, -7.497288797259199]}, "properties": {"argument_id": 1699, "document_id": 5407, "nearest_cluster_id": 367, "nearest_cluster_name": "Beraadtermijn", "nearest_cluster_distance": 0.0154, "document_cluster_id": 69, "distance_to_own_document": 0.0593, "lands_in_own_document_cluster": false, "meta": "contra, ChristenUnie", "quote_snippet": "Daarbij benoemde ik ook al in het debat hoe heftig een abortus is en dat onvoldoende bekend is hoe heftig dat is, naast de waarde van het ongeboren leven, waar collega Van Dijk ook over sprak."}}, {"type": "Feature", "geometry": {"type": "Point", "coordinates": [7.756422781299144, 10.053559267114547]}, "properties": {"argument_id": 1802, "document_id": 5408, "nearest_cluster_id": 710, "nearest_cluster_name": "Procedurale orde", "nearest_cluster_distance": 0.0436, "document_cluster_id": 69, "distance_to_own_document": 4.0077, "lands_in_own_document_cluster": false, "meta": "contra, VVD", "quote_snippet": "Net heb ik al geprobeerd uit te leggen dat dit al in de wet zit, dus dat dit al gewaarborgd wordt door dat gesprek met artsen. Die moeten zich ervan vergewissen dat het vrijwillig plaatsvindt; dat sta"}}, {"type": "Feature", "geometry": {"type": "Point", "coordinates": [-2.201751459650533, -7.442937499206807]}, "properties": {"argument_id": 1803, "document_id": 5408, "nearest_cluster_id": 367, "nearest_cluster_name": "Beraadtermijn", "nearest_cluster_distance": 0.0384, "document_cluster_id": 69, "distance_to_own_document": 0.0118, "lands_in_own_document_cluster": false, "meta": "unclear, VVD", "quote_snippet": "Voor het antwoord verwijs ik gemakshalve, en ook vanwege de tijd, even naar de beantwoording die ik hiervoor al heb gegeven, ook in relatie tot het onderzoek in april 2024, waaruit blijkt dat er niet "}}, {"type": "Feature", "geometry": {"type": "Point", "coordinates": [-2.376807851055333, -7.694254308775957]}, "properties": {"argument_id": 1700, "document_id": 5409, "nearest_cluster_id": 367, "nearest_cluster_name": "Beraadtermijn", "nearest_cluster_distance": 0.0251, "document_cluster_id": 69, "distance_to_own_document": 0.0818, "lands_in_own_document_cluster": false, "meta": "contra, VVD", "quote_snippet": "Ik denk dat het kabinet veel waarde hecht aan een zorgvuldige afweging in wetgeving over medisch-ethische onderwerpen. Het kabinet vindt onder andere dat in de Wet afbreking zwangerschap een goede bal"}}, {"type": "Feature", "geometry": {"type": "Point", "coordinates": [-2.1828355135285284, -7.572796120724402]}, "properties": {"argument_id": 1701, "document_id": 5409, "nearest_cluster_id": 367, "nearest_cluster_name": "Beraadtermijn", "nearest_cluster_distance": 0.0317, "document_cluster_id": 69, "distance_to_own_document": 0.0381, "lands_in_own_document_cluster": false, "meta": "contra, VVD", "quote_snippet": "Wat de medisch-ethische kant van het verhaal betreft is er geen sprake van een onvoorziene of belangwekkende ontwikkeling die aanleiding zou geven om het wettelijk kader omtrent abortus te herzien. Da"}}, {"type": "Feature", "geometry": {"type": "Point", "coordinates": [-2.013545945029144, -7.481603275393139]}, "properties": {"argument_id": 1702, "document_id": 5409, "nearest_cluster_id": 69, "nearest_cluster_name": "Abortus", "nearest_cluster_distance": 0.0389, "document_cluster_id": 69, "distance_to_own_document": 0.0192, "lands_in_own_document_cluster": true, "meta": "contra, VVD", "quote_snippet": "Ik kan me goed voorstellen dat deze situatie voor deze groep vrouwen bijzonder lastig is, maar ik kan abortuszorg niet voor alle vrouwen gratis aanbieden. Dat zou een ongecontroleerde toestroom naar d"}}, {"type": "Feature", "geometry": {"type": "Point", "coordinates": [-1.8467514981609061, -7.403482796525297]}, "properties": {"argument_id": 1703, "document_id": 5413, "nearest_cluster_id": 69, "nearest_cluster_name": "Abortus", "nearest_cluster_distance": 0.0282, "document_cluster_id": 69, "distance_to_own_document": 0.0145, "lands_in_own_document_cluster": true, "meta": "pro, SP", "quote_snippet": "We zien een groep ongedocumenteerden in Nederland die hier wel verblijft, maar die een abortus niet kan betalen en daardoor in de problemen komt. De staatssecretaris refereerde net aan de financi\u00eble b"}}, {"type": "Feature", "geometry": {"type": "Point", "coordinates": [2.796442156580965, 12.590875955855104]}, "properties": {"argument_id": 1704, "document_id": 5414, "nearest_cluster_id": 1950, "nearest_cluster_name": "Overleg", "nearest_cluster_distance": 0.351, "document_cluster_id": 69, "distance_to_own_document": 4.2681, "lands_in_own_document_cluster": false, "meta": "pro, VVD", "quote_snippet": "In Nederland kunnen wij zelf keuzes maken over ons eigen lichaam. Dat is een belangrijke verworvenheid."}}, {"type": "Feature", "geometry": {"type": "Point", "coordinates": [-1.9930600616656409, -7.2455310614678]}, "properties": {"argument_id": 1705, "document_id": 5416, "nearest_cluster_id": 799, "nearest_cluster_name": "Anticonceptie", "nearest_cluster_distance": 0.011, "document_cluster_id": 69, "distance_to_own_document": 0.0294, "lands_in_own_document_cluster": false, "meta": "contra, VVD", "quote_snippet": "De barri\u00e8res die mensen ervaren rond anticonceptie zijn heel verschillend. Het kan voor mensen bijvoorbeeld moeilijk zijn om op tijd een keuze te maken voor passende anticonceptie en om die anticoncep"}}, {"type": "Feature", "geometry": {"type": "Point", "coordinates": [-1.9697818471779442, -7.397622289961354]}, "properties": {"argument_id": 1706, "document_id": 5417, "nearest_cluster_id": 69, "nearest_cluster_name": "Abortus", "nearest_cluster_distance": 0.0201, "document_cluster_id": 69, "distance_to_own_document": 0.0161, "lands_in_own_document_cluster": true, "meta": "contra, SGP", "quote_snippet": "Maar er komt nu een heel groot accent op anticonceptie, bijna als een wondermiddel om ongewenste zwangerschappen te voorkomen. Daar wil ik graag een vraag over stellen. Ik verwijs naar het meest recen"}}, {"type": "Feature", "geometry": {"type": "Point", "coordinates": [-2.0338736362431225, -7.334128195693156]}, "properties": {"argument_id": 1707, "document_id": 5418, "nearest_cluster_id": 69, "nearest_cluster_name": "Abortus", "nearest_cluster_distance": 0.0192, "document_cluster_id": 799, "distance_to_own_document": 0.0342, "lands_in_own_document_cluster": false, "meta": "pro, VVD", "quote_snippet": "Ik denk dat het weer belangrijk is om twee zaken uit elkaar te houden, namelijk het aantal onbedoelde zwangerschappen en het aantal abortussen. Dat zijn twee verschillende zaken. Ik stuur op het vermi"}}, {"type": "Feature", "geometry": {"type": "Point", "coordinates": [10.243090719848793, 15.92811776129097]}, "properties": {"argument_id": 1708, "document_id": 5418, "nearest_cluster_id": 360, "nearest_cluster_name": "Kamerprocedures", "nearest_cluster_distance": 0.1259, "document_cluster_id": 799, "distance_to_own_document": 5.2469, "lands_in_own_document_cluster": false, "meta": "pro, VVD", "quote_snippet": "We weten wel degelijk dat het heel goed helpt, maar of het een wondermiddel is \u2026 Dat is, denk ik, een kwalificatie die niet medisch is. Maar dat laat ik aan de heer Van Dijk."}}, {"type": "Feature", "geometry": {"type": "Point", "coordinates": [13.67946283122176, -5.857050739371638]}, "properties": {"argument_id": 1709, "document_id": 5418, "nearest_cluster_id": 1133, "nearest_cluster_name": "Online kinderbeveiliging", "nearest_cluster_distance": 0.0321, "document_cluster_id": 799, "distance_to_own_document": 3.1074, "lands_in_own_document_cluster": false, "meta": "pro, VVD", "quote_snippet": "We zien inderdaad ook veel misinformatie op dat terrein, zoals ik net al heb gezegd. Daarvan heb ik ook al in eerdere debatten aangegeven dat dat problematisch is. BZK doet nu onderzoek naar de mogeli"}}, {"type": "Feature", "geometry": {"type": "Point", "coordinates": [38.608752752019704, 16.84765721255426]}, "properties": {"argument_id": 1710, "document_id": 5420, "nearest_cluster_id": 312, "nearest_cluster_name": "Studiefinanciering", "nearest_cluster_distance": 0.018, "document_cluster_id": 69, "distance_to_own_document": 9.4213, "lands_in_own_document_cluster": false, "meta": "pro, VVD", "quote_snippet": "Een uitzondering voor buitenlandse studenten vind ik moeilijk te beargumenteren. Want dan zeggen we: voor studenten uit het buitenland gaan we wel abortus vergoeden, maar niet voor toeristen. Dat vind"}}, {"type": "Feature", "geometry": {"type": "Point", "coordinates": [26.321000170700323, 6.004594547305542]}, "properties": {"argument_id": 1711, "document_id": 5421, "nearest_cluster_id": 27, "nearest_cluster_name": "Jeugdzorg", "nearest_cluster_distance": 0.0123, "document_cluster_id": -1, "distance_to_own_document": 0.2452, "lands_in_own_document_cluster": false, "meta": "contra, SGP", "quote_snippet": "Het is inderdaad niet meer hard te maken dat dit de beste zorg is voor jongeren. Daarom moet er een nieuwe aanvliegroute worden gekozen, waarbij de persoonlijke autonomie leidend is. Artsen verwijzen "}}, {"type": "Feature", "geometry": {"type": "Point", "coordinates": [13.384257105401883, -8.878884280853745]}, "properties": {"argument_id": 1712, "document_id": 5423, "nearest_cluster_id": 573, "nearest_cluster_name": "Discriminatie", "nearest_cluster_distance": 0.0462, "document_cluster_id": null, "distance_to_own_document": null, "lands_in_own_document_cluster": null, "meta": "contra, ChristenUnie", "quote_snippet": "Het uitgangspunt van mensenrechten is voor mij dat ieder mens inherente waardigheid bezit. Waarom? Omdat je geschapen bent door de Schepper en beelddrager mag zijn van Hem. Daarom heeft ieder mens van"}}, {"type": "Feature", "geometry": {"type": "Point", "coordinates": [-1.9424745265788577, -8.031220967727196]}, "properties": {"argument_id": 1713, "document_id": 5423, "nearest_cluster_id": 367, "nearest_cluster_name": "Beraadtermijn", "nearest_cluster_distance": 0.1215, "document_cluster_id": null, "distance_to_own_document": null, "lands_in_own_document_cluster": null, "meta": "contra, ChristenUnie", "quote_snippet": "De Europese Unie is hier niet voor op aarde. De oprichters van de Europese Unie zouden zich omdraaien in hun graf als ze hoorden dat toegang tot abortus hoort bij de Europese waarden en in het EU-Hand"}}, {"type": "Feature", "geometry": {"type": "Point", "coordinates": [-2.052295831110548, -7.486107062306243]}, "properties": {"argument_id": 1714, "document_id": 5425, "nearest_cluster_id": 69, "nearest_cluster_name": "Abortus", "nearest_cluster_distance": 0.043, "document_cluster_id": null, "distance_to_own_document": null, "lands_in_own_document_cluster": null, "meta": "pro, D66", "quote_snippet": "Alleen zien we nu al een paar jaar dat wat de ChristenUnie in Nederland graag zou willen, namelijk een verbod op abortus, in de praktijk wordt gebracht in bijvoorbeeld Amerika. Ik vind dat eerlijk gez"}}, {"type": "Feature", "geometry": {"type": "Point", "coordinates": [-2.1133891598870003, -7.511623619606837]}, "properties": {"argument_id": 1715, "document_id": 5426, "nearest_cluster_id": 367, "nearest_cluster_name": "Beraadtermijn", "nearest_cluster_distance": 0.0472, "document_cluster_id": null, "distance_to_own_document": null, "lands_in_own_document_cluster": null, "meta": "contra, ChristenUnie", "quote_snippet": "U hebt mij hier de afgelopen jaren actief gezien, om me in te zetten om het aantal abortussen omlaag te brengen, j\u00fa\u00edst door nabij te zijn bij vrouwen, j\u00fa\u00edst door keuzemogelijkheden aan te bieden en j\u00fa"}}, {"type": "Feature", "geometry": {"type": "Point", "coordinates": [23.64521351739339, -7.320237536444976]}, "properties": {"argument_id": 1716, "document_id": 5426, "nearest_cluster_id": 272, "nearest_cluster_name": "ChristenUnie", "nearest_cluster_distance": 0.0872, "document_cluster_id": null, "distance_to_own_document": null, "lands_in_own_document_cluster": null, "meta": "contra, ChristenUnie", "quote_snippet": "Wij hebben samen de handtekening gezet onder het coalitieakkoord waarin we zeiden dat we ons in zouden zetten voor minder abortus. Maar de dag dat de ChristenUnie vertrok, was ook deze doelstelling ve"}}, {"type": "Feature", "geometry": {"type": "Point", "coordinates": [-2.018677602485709, -7.466818079579406]}, "properties": {"argument_id": 1717, "document_id": 5426, "nearest_cluster_id": 69, "nearest_cluster_name": "Abortus", "nearest_cluster_distance": 0.0365, "document_cluster_id": null, "distance_to_own_document": null, "lands_in_own_document_cluster": null, "meta": "contra, ChristenUnie", "quote_snippet": "Als dit is iets wat vrouwen zo veel pijn doet en heel heftig is, zullen we dan proberen om ervoor te zorgen dat er zo min mogelijk abortussen zijn? Het gaat mij erom dat we vrouwen daarvoor ook op tij"}}, {"type": "Feature", "geometry": {"type": "Point", "coordinates": [5.0867528911071815, -1.4515714040124843]}, "properties": {"argument_id": 1718, "document_id": 5427, "nearest_cluster_id": 1456, "nearest_cluster_name": "Boetestelsels", "nearest_cluster_distance": 0.1797, "document_cluster_id": null, "distance_to_own_document": null, "lands_in_own_document_cluster": null, "meta": "pro, D66", "quote_snippet": "In Amerika zien we dat veel minder mensen erover durven te vertellen, omdat dat verbod is ingevoerd. Als we dat verbod hier in Nederland zouden invoeren, dan zijn er veel minder mensen zijn die daar \u00fc"}}, {"type": "Feature", "geometry": {"type": "Point", "coordinates": [-2.4851311238680354, -7.09208535472744]}, "properties": {"argument_id": 1719, "document_id": 5428, "nearest_cluster_id": 367, "nearest_cluster_name": "Beraadtermijn", "nearest_cluster_distance": 0.1007, "document_cluster_id": null, "distance_to_own_document": null, "lands_in_own_document_cluster": null, "meta": "contra, ChristenUnie", "quote_snippet": "Voor de ChristenUnie is ook het leven in de moederschoot een wonderlijk en kwetsbaar leven waar zij heel graag onze bescherming aan geeft."}}, {"type": "Feature", "geometry": {"type": "Point", "coordinates": [16.03293058302051, -8.825868560833586]}, "properties": {"argument_id": 1720, "document_id": 5428, "nearest_cluster_id": 505, "nearest_cluster_name": "Lintjesregeling", "nearest_cluster_distance": 0.0579, "document_cluster_id": null, "distance_to_own_document": null, "lands_in_own_document_cluster": null, "meta": "contra, ChristenUnie", "quote_snippet": "Want het mensenrecht dat D66 daarmee toestaat, is een mensenrecht dat pas begint op het moment dat je ... Wanneer begint het eigenlijk? Als je adem kan halen? Als je geboren bent? Wanneer is een mens "}}, {"type": "Feature", "geometry": {"type": "Point", "coordinates": [-2.1618870379702018, -7.679042800549063]}, "properties": {"argument_id": 1721, "document_id": 5428, "nearest_cluster_id": 367, "nearest_cluster_name": "Beraadtermijn", "nearest_cluster_distance": 0.0416, "document_cluster_id": null, "distance_to_own_document": null, "lands_in_own_document_cluster": null, "meta": "contra, ChristenUnie", "quote_snippet": "Omdat ik vind dat als we abortus als mensenrecht neerzetten, we iedereen die geen stem heeft omdat die nog ongeboren is, geen mensenrechten toekennen."}}, {"type": "Feature", "geometry": {"type": "Point", "coordinates": [-1.939643845842658, -7.878091659460063]}, "properties": {"argument_id": 1722, "document_id": 5430, "nearest_cluster_id": 367, "nearest_cluster_name": "Beraadtermijn", "nearest_cluster_distance": 0.1007, "document_cluster_id": null, "distance_to_own_document": null, "lands_in_own_document_cluster": null, "meta": "pro, D66", "quote_snippet": "Als het recht om zelf te kunnen beslissen over je eigen lichaam, met de mogelijkheid voor een afbreking van een zwangerschap tot een x aantal weken, wordt afgenomen, dan gaat dat altijd, op al die ple"}}, {"type": "Feature", "geometry": {"type": "Point", "coordinates": [-2.181850407870122, -7.606929054388451]}, "properties": {"argument_id": 1723, "document_id": 5431, "nearest_cluster_id": 367, "nearest_cluster_name": "Beraadtermijn", "nearest_cluster_distance": 0.0326, "document_cluster_id": null, "distance_to_own_document": null, "lands_in_own_document_cluster": null, "meta": "contra, ChristenUnie", "quote_snippet": "Alleen, dat doe ik wel vanuit het volle besef dat ieder leven, ook als het niet voor zichzelf kan spreken, heilig is. Dat maakt inderdaad dat ik voor andere middelen kies dan de heer Paternotte met D6"}}, {"type": "Feature", "geometry": {"type": "Point", "coordinates": [-1.8866710474084956, -7.52448394077692]}, "properties": {"argument_id": 1724, "document_id": 5431, "nearest_cluster_id": 69, "nearest_cluster_name": "Abortus", "nearest_cluster_distance": 0.0463, "document_cluster_id": null, "distance_to_own_document": null, "lands_in_own_document_cluster": null, "meta": "contra, ChristenUnie", "quote_snippet": "Ik wil inzetten op hulpverlening, op meer in plaats van minder ontwikkelingshulp, waar deze regering voor kiest. Ik wil ervoor kiezen dat we ook juist hulp blijven bieden en blijven benoemen hoe we vo"}}, {"type": "Feature", "geometry": {"type": "Point", "coordinates": [-2.289775803458261, -7.726643156512791]}, "properties": {"argument_id": 1725, "document_id": 5434, "nearest_cluster_id": 367, "nearest_cluster_name": "Beraadtermijn", "nearest_cluster_distance": 0.0324, "document_cluster_id": null, "distance_to_own_document": null, "lands_in_own_document_cluster": null, "meta": "pro, GroenLinks-PvdA", "quote_snippet": "Waarom zeg ik \"niet alleen in woorden, maar ook in daden\"? Dat is omdat wij weten dat als het recht op abortus niet bestaat, zelfs als abortus gecriminaliseerd wordt, vrouwen toch \u2014 en dat doen ze zek"}}, {"type": "Feature", "geometry": {"type": "Point", "coordinates": [21.558098202081446, -15.911805928943549]}, "properties": {"argument_id": 1726, "document_id": 5435, "nearest_cluster_id": 1930, "nearest_cluster_name": "Buitenlands beleid", "nearest_cluster_distance": 0.0803, "document_cluster_id": null, "distance_to_own_document": null, "lands_in_own_document_cluster": null, "meta": "contra, ChristenUnie", "quote_snippet": "Waar ik bezorgd om ben, is dat Europa meer en meer zijn eigen waarden opdringt en afdwingt dat anderen precies zo denken als wij denken, of het nou gaat om de visie op het huwelijk, seksualiteit of an"}}, {"type": "Feature", "geometry": {"type": "Point", "coordinates": [-1.801479781187717, -7.75371852741386]}, "properties": {"argument_id": 1727, "document_id": 5436, "nearest_cluster_id": 69, "nearest_cluster_name": "Abortus", "nearest_cluster_distance": 0.0952, "document_cluster_id": null, "distance_to_own_document": null, "lands_in_own_document_cluster": null, "meta": "pro, GroenLinks-PvdA", "quote_snippet": "Het antwoord dat ik krijg, is dat Europa zijn waarden aan het opleggen is. Dat is op dit moment niet het geval in heel veel gebieden waar abortus geen recht is. Sterker nog: daar is het niet gelukt, o"}}, {"type": "Feature", "geometry": {"type": "Point", "coordinates": [-2.302160331285478, -7.476729009535261]}, "properties": {"argument_id": 1728, "document_id": 5437, "nearest_cluster_id": 367, "nearest_cluster_name": "Beraadtermijn", "nearest_cluster_distance": 0.0211, "document_cluster_id": null, "distance_to_own_document": null, "lands_in_own_document_cluster": null, "meta": "contra, ChristenUnie", "quote_snippet": "Alleen is er een fundamenteel verschil, omdat ik dat ongeboren leven anders weeg. Daarom zet ik niet in op het verspreiden van de mogelijkheid om abortus te ondergaan, maar wel op het verspreiden van "}}, {"type": "Feature", "geometry": {"type": "Point", "coordinates": [5.884422423983107, 19.51178527680946]}, "properties": {"argument_id": 1729, "document_id": 5440, "nearest_cluster_id": 796, "nearest_cluster_name": "Onbegrip", "nearest_cluster_distance": 0.0314, "document_cluster_id": null, "distance_to_own_document": null, "lands_in_own_document_cluster": null, "meta": "contra, ChristenUnie", "quote_snippet": "Maar omdat het leven heilig is, is dat niet door het verstrekken van abortusmiddelen."}}, {"type": "Feature", "geometry": {"type": "Point", "coordinates": [4.25025437607509, 13.551739026815985]}, "properties": {"argument_id": 1730, "document_id": 5440, "nearest_cluster_id": 883, "nearest_cluster_name": "Regeerakkoord", "nearest_cluster_distance": 0.0619, "document_cluster_id": null, "distance_to_own_document": null, "lands_in_own_document_cluster": null, "meta": "contra, ChristenUnie", "quote_snippet": "Verder zorgen we er juist voor dat vrouwen zich in de eigen lokale context en cultuur gesterkt en gesteund weten op het moment dat er onverwachts een kindje verwacht wordt."}}, {"type": "Feature", "geometry": {"type": "Point", "coordinates": [1.8401897875076052, 15.137266296367638]}, "properties": {"argument_id": 1731, "document_id": 5440, "nearest_cluster_id": 1951, "nearest_cluster_name": "Algemeen", "nearest_cluster_distance": 0.0371, "document_cluster_id": null, "distance_to_own_document": null, "lands_in_own_document_cluster": null, "meta": "contra, ChristenUnie", "quote_snippet": "En ja, wij zullen altijd bijdragen aan het versterken van de lokale gemeenschap."}}, {"type": "Feature", "geometry": {"type": "Point", "coordinates": [14.475476140229176, -9.726581233796614]}, "properties": {"argument_id": 1732, "document_id": 5441, "nearest_cluster_id": 155, "nearest_cluster_name": "Interlandelijke adoptie", "nearest_cluster_distance": 0.1526, "document_cluster_id": null, "distance_to_own_document": null, "lands_in_own_document_cluster": null, "meta": "pro, SP", "quote_snippet": "Het punt is natuurlijk dat wij van universele mensenrechten \u2014 dat is ook waar deze nota om vraagt \u2014 zeggen dat het een mensenrecht is. Het is niet zozeer een soort opleggen van waarden, van wat wij be"}}, {"type": "Feature", "geometry": {"type": "Point", "coordinates": [-2.1085810772817366, -7.493692235563164]}, "properties": {"argument_id": 1733, "document_id": 5442, "nearest_cluster_id": 367, "nearest_cluster_name": "Beraadtermijn", "nearest_cluster_distance": 0.0492, "document_cluster_id": null, "distance_to_own_document": null, "lands_in_own_document_cluster": null, "meta": "contra, ChristenUnie", "quote_snippet": "Abortus is voor mij geen mensenrecht. Volgens mij is dat het fundamentele verschil, want ik vind dat het recht op zelfbeschikking ook een grens heeft. En die grens ligt daar waar je een ander mens ont"}}, {"type": "Feature", "geometry": {"type": "Point", "coordinates": [-1.8364018966207627, -6.760476695834567]}, "properties": {"argument_id": 1734, "document_id": 5442, "nearest_cluster_id": 799, "nearest_cluster_name": "Anticonceptie", "nearest_cluster_distance": 0.0992, "document_cluster_id": null, "distance_to_own_document": null, "lands_in_own_document_cluster": null, "meta": "contra, ChristenUnie", "quote_snippet": "Ons verschil van inzicht betreft ook het begin van het menselijk leven. Waar begint het menselijk leven? Voor mij begint dat al in de buik, in de moederschoot, en niet pas als een kind geboren is."}}, {"type": "Feature", "geometry": {"type": "Point", "coordinates": [-2.22799457851645, -7.57280328568636]}, "properties": {"argument_id": 1735, "document_id": 5442, "nearest_cluster_id": 367, "nearest_cluster_name": "Beraadtermijn", "nearest_cluster_distance": 0.0228, "document_cluster_id": null, "distance_to_own_document": null, "lands_in_own_document_cluster": null, "meta": "contra, ChristenUnie", "quote_snippet": "Ik weet het niet, en dat maakt mij terughoudend. Dat maakt ook waarom ik bij abortus \u2026 Ik zal nooit oordelen over een vrouw in een noodsituatie. Laat dat hier ook gezegd zijn. Misschien dat ik daarom "}}, {"type": "Feature", "geometry": {"type": "Point", "coordinates": [-2.279433392470369, -7.655274731346891]}, "properties": {"argument_id": 1736, "document_id": 5446, "nearest_cluster_id": 367, "nearest_cluster_name": "Beraadtermijn", "nearest_cluster_distance": 0.0206, "document_cluster_id": null, "distance_to_own_document": null, "lands_in_own_document_cluster": null, "meta": "contra, SGP", "quote_snippet": "Tot de meest fundamentele rechten behoren de bescherming en eerbiediging van de menselijke waardigheid, maar ook, zeg ik er nadrukkelijk bij, het recht op leven. Dat staat glashelder verwoord in artik"}}, {"type": "Feature", "geometry": {"type": "Point", "coordinates": [-2.998689953047592, -7.4509421141362715]}, "properties": {"argument_id": 1737, "document_id": 5446, "nearest_cluster_id": 367, "nearest_cluster_name": "Beraadtermijn", "nearest_cluster_distance": 0.1329, "document_cluster_id": null, "distance_to_own_document": null, "lands_in_own_document_cluster": null, "meta": "contra, SGP", "quote_snippet": "In de beantwoording van feitelijke vragen over haar initiatiefnota geeft de initiatiefneemster precies aan wanneer volgens haar menselijk leven begint. Ik citeer: \"Initiatiefnemer kan aangeven wanneer"}}, {"type": "Feature", "geometry": {"type": "Point", "coordinates": [-2.410270284381397, -7.531568371713245]}, "properties": {"argument_id": 1738, "document_id": 5446, "nearest_cluster_id": 367, "nearest_cluster_name": "Beraadtermijn", "nearest_cluster_distance": 0.016, "document_cluster_id": null, "distance_to_own_document": null, "lands_in_own_document_cluster": null, "meta": "contra, SGP", "quote_snippet": "Voorzitter. Een cultuur waarin dit soort voorstellen gedaan worden, verkeert in een staat van diep verval. Vaak wordt gezegd dat het belang van de vrouw zwaarder weegt dan het recht op leven van het o"}}, {"type": "Feature", "geometry": {"type": "Point", "coordinates": [14.897796448744742, -21.605834881447766]}, "properties": {"argument_id": 1739, "document_id": 5448, "nearest_cluster_id": 407, "nearest_cluster_name": "Turkse inval Syri\u00eb", "nearest_cluster_distance": 0.0687, "document_cluster_id": null, "distance_to_own_document": null, "lands_in_own_document_cluster": null, "meta": "pro, D66", "quote_snippet": "Als je kijkt naar de vrouwen die daarvan slachtoffer worden, die in veel gevallen dus misschien wel gedwongen zwanger zijn geworden door dat soort seksueel geweld, wat zegt het dan over hun mensenrech"}}, {"type": "Feature", "geometry": {"type": "Point", "coordinates": [-2.3101370505827448, -7.597922612230759]}, "properties": {"argument_id": 1740, "document_id": 5449, "nearest_cluster_id": 367, "nearest_cluster_name": "Beraadtermijn", "nearest_cluster_distance": 0.008, "document_cluster_id": null, "distance_to_own_document": null, "lands_in_own_document_cluster": null, "meta": "contra, SGP", "quote_snippet": "Maar het gaat ook over een ander leven. Ik heb net in mijn tekst, wellicht wat stevig, neer willen zetten dat het gaat om het ene en andere mens. Op het moment dat uit een verkrachting een kind zou vo"}}, {"type": "Feature", "geometry": {"type": "Point", "coordinates": [15.095862607353196, -11.478489224874075]}, "properties": {"argument_id": 1741, "document_id": 5451, "nearest_cluster_id": 1365, "nearest_cluster_name": "Asielprocedure", "nearest_cluster_distance": 0.1596, "document_cluster_id": null, "distance_to_own_document": null, "lands_in_own_document_cluster": null, "meta": "contra, SGP", "quote_snippet": "Ik vraag me af hoe de initiatiefneemster haar voorstel rijmt met evidente bepalingen uit verdragen. In de preambule van het Internationaal verdrag inzake de rechten van het kind staat dat elk kind op "}}, {"type": "Feature", "geometry": {"type": "Point", "coordinates": [12.205428381946676, 14.422475399927595]}, "properties": {"argument_id": 1742, "document_id": 5451, "nearest_cluster_id": 1662, "nearest_cluster_name": "Kamerprocedure", "nearest_cluster_distance": 0.0366, "document_cluster_id": null, "distance_to_own_document": null, "lands_in_own_document_cluster": null, "meta": "contra, SGP", "quote_snippet": "Het is goed dat het kabinet het pleidooi van de initiatiefneemster om abortus als mensenrecht te beschouwen, niet overneemt."}}, {"type": "Feature", "geometry": {"type": "Point", "coordinates": [-2.2421695538542017, -7.558622182208526]}, "properties": {"argument_id": 1804, "document_id": 5453, "nearest_cluster_id": 367, "nearest_cluster_name": "Beraadtermijn", "nearest_cluster_distance": 0.0202, "document_cluster_id": null, "distance_to_own_document": null, "lands_in_own_document_cluster": null, "meta": "pro, D66", "quote_snippet": "In 1970 werd de leus \"baas in eigen buik\" gemunt. Dat is een frase die gaat over het fundamentele uitgangspunt dat de overheid niet besluit over het lichaam van een vrouw. Nu, 25 jaar later, klinkt di"}}, {"type": "Feature", "geometry": {"type": "Point", "coordinates": [-2.169823010804712, -7.947769033566006]}, "properties": {"argument_id": 1805, "document_id": 5453, "nearest_cluster_id": 367, "nearest_cluster_name": "Beraadtermijn", "nearest_cluster_distance": 0.0825, "document_cluster_id": null, "distance_to_own_document": null, "lands_in_own_document_cluster": null, "meta": "pro, D66", "quote_snippet": "Toen ik dit debat ging voorbereiden, kwam ik het verhaal tegen van Teodora uit El Salvador. Zij was 24 en zwanger van haar tweede kindje. Tegen het einde van de zwangerschap ging het mis. Ze kreeg pij"}}, {"type": "Feature", "geometry": {"type": "Point", "coordinates": [-2.2466828238171677, -7.493021576113634]}, "properties": {"argument_id": 1806, "document_id": 5453, "nearest_cluster_id": 367, "nearest_cluster_name": "Beraadtermijn", "nearest_cluster_distance": 0.025, "document_cluster_id": null, "distance_to_own_document": null, "lands_in_own_document_cluster": null, "meta": "pro, D66", "quote_snippet": "Het afbreken van een zwangerschap zou altijd veilig en toegankelijk moeten zijn, voor iedereen. Dat zou moeten, maar dat is het niet. Wereldwijd gaan er jaarlijks tienduizenden vrouwen dood aan de gev"}}, {"type": "Feature", "geometry": {"type": "Point", "coordinates": [-1.8867717151400119, -7.65804951592219]}, "properties": {"argument_id": 1807, "document_id": 5453, "nearest_cluster_id": 69, "nearest_cluster_name": "Abortus", "nearest_cluster_distance": 0.0725, "document_cluster_id": null, "distance_to_own_document": null, "lands_in_own_document_cluster": null, "meta": "pro, D66", "quote_snippet": "We kunnen natuurlijk niet de wet in andere landen bepalen, maar we zien wel dat in die landen heel veel clubs bezig zijn om te proberen de wet in onze landen te bepalen. We kunnen bovendien zelf een n"}}, {"type": "Feature", "geometry": {"type": "Point", "coordinates": [-2.0561259986096565, -7.2395734618691066]}, "properties": {"argument_id": 1743, "document_id": 5457, "nearest_cluster_id": 799, "nearest_cluster_name": "Anticonceptie", "nearest_cluster_distance": 0.0236, "document_cluster_id": null, "distance_to_own_document": null, "lands_in_own_document_cluster": null, "meta": "unclear, FVD", "quote_snippet": "Ons vertrouwen in de Wereldgezondheidsorganisatie is inderdaad buitengewoon laag. In dit geval blijkt dat volkomen terecht, want de Wereldgezondheidsorganisatie baseert zich op een artikel van The Lan"}}, {"type": "Feature", "geometry": {"type": "Point", "coordinates": [-2.387404328222766, -7.280077194457512]}, "properties": {"argument_id": 1744, "document_id": 5459, "nearest_cluster_id": 367, "nearest_cluster_name": "Beraadtermijn", "nearest_cluster_distance": 0.0596, "document_cluster_id": null, "distance_to_own_document": null, "lands_in_own_document_cluster": null, "meta": "unclear, FVD", "quote_snippet": "Het staat uitdrukkelijk in het artikel van The Lancet. Dit artikel gaat over de moedersterfte, waarbij uitdrukkelijk wordt gezegd dat de totale moedersterfte 295 miljoen per jaar betreft. Tussen de 4,"}}, {"type": "Feature", "geometry": {"type": "Point", "coordinates": [-2.0436072471404185, -8.023286879957693]}, "properties": {"argument_id": 1745, "document_id": 5460, "nearest_cluster_id": 367, "nearest_cluster_name": "Beraadtermijn", "nearest_cluster_distance": 0.108, "document_cluster_id": null, "distance_to_own_document": null, "lands_in_own_document_cluster": null, "meta": "pro, D66", "quote_snippet": "In Polen is abortus in 2020 totaal verboden. We zien de tragedies. Ik zou het artikel uit Time Magazine over the human toll of the Polish abortion ban aanraden. Ik noemde net een paar voorbeelden uit "}}, {"type": "Feature", "geometry": {"type": "Point", "coordinates": [-2.0922345551641404, -7.359914143738889]}, "properties": {"argument_id": 1746, "document_id": 5462, "nearest_cluster_id": 69, "nearest_cluster_name": "Abortus", "nearest_cluster_distance": 0.0319, "document_cluster_id": null, "distance_to_own_document": null, "lands_in_own_document_cluster": null, "meta": "unclear, FVD", "quote_snippet": "De heer Paternotte gebruikt een drogredenering. Hij betwist het getal 39.000 onder het mom dat er alleen in Nederland al heel veel miskramen plaatsvinden en dat er dan wereldwijd natuurlijk meer dan 3"}}, {"type": "Feature", "geometry": {"type": "Point", "coordinates": [-1.9310415484995418, -7.390493276197669]}, "properties": {"argument_id": 1747, "document_id": 5464, "nearest_cluster_id": 69, "nearest_cluster_name": "Abortus", "nearest_cluster_distance": 0.0181, "document_cluster_id": null, "distance_to_own_document": null, "lands_in_own_document_cluster": null, "meta": "pro, D66", "quote_snippet": "39.000 overlijdens door onveilige abortus. In de laatste cijfers van de WHO, uit 2023, staat dat het totale aantal gevallen van moedersterfte tijdens de zwangerschap of in het kraambed 287.000 is. Dat"}}, {"type": "Feature", "geometry": {"type": "Point", "coordinates": [-2.161736036372928, -7.542798537749805]}, "properties": {"argument_id": 1748, "document_id": 5467, "nearest_cluster_id": 367, "nearest_cluster_name": "Beraadtermijn", "nearest_cluster_distance": 0.0365, "document_cluster_id": null, "distance_to_own_document": null, "lands_in_own_document_cluster": null, "meta": "pro, D66", "quote_snippet": "Ik denk dat we dat belangrijk vinden, dat het recht op zorg van een vrouw in een noodsituatie naast die fundamentele beschermwaardigheid staat. Daarom moet er ook een afweging, de begeleiding van een "}}, {"type": "Feature", "geometry": {"type": "Point", "coordinates": [-2.0526218028125998, -7.495353618913616]}, "properties": {"argument_id": 1749, "document_id": 5468, "nearest_cluster_id": 69, "nearest_cluster_name": "Abortus", "nearest_cluster_distance": 0.0447, "document_cluster_id": null, "distance_to_own_document": null, "lands_in_own_document_cluster": null, "meta": "contra, SGP", "quote_snippet": "Nood gaat er heel vaak om dat er geen woning of te weinig geld is. Dan had het toch een nota moeten zijn waarin staat: laten we alles op alles zetten om ieder ongeboren leven dat we kunnen redden, te "}}, {"type": "Feature", "geometry": {"type": "Point", "coordinates": [-1.9413168476664238, -7.263590513319992]}, "properties": {"argument_id": 1750, "document_id": 5469, "nearest_cluster_id": 799, "nearest_cluster_name": "Anticonceptie", "nearest_cluster_distance": 0.0038, "document_cluster_id": null, "distance_to_own_document": null, "lands_in_own_document_cluster": null, "meta": "pro, D66", "quote_snippet": "Als het gaat om anticonceptie en seksuele voorlichting, zien we bijvoorbeeld in Polen en in zuidelijke staten van de Verenigde Staten dat het ertoe leidt dat mensen niet alles weten, dat ze geen toega"}}, {"type": "Feature", "geometry": {"type": "Point", "coordinates": [-2.059879466884752, -7.592163023012745]}, "properties": {"argument_id": 1751, "document_id": 5469, "nearest_cluster_id": 367, "nearest_cluster_name": "Beraadtermijn", "nearest_cluster_distance": 0.0563, "document_cluster_id": null, "distance_to_own_document": null, "lands_in_own_document_cluster": null, "meta": "pro, D66", "quote_snippet": "Je kunt proberen dat aan te pakken door het recht bij de vrouw weg te nemen, maar we zien in het buitenland waar dat toe leidt: niet tot minder ongewenste zwangerschappen, wel tot veel meer onveilighe"}}, {"type": "Feature", "geometry": {"type": "Point", "coordinates": [-2.303301232242659, -7.606942195296135]}, "properties": {"argument_id": 1752, "document_id": 5471, "nearest_cluster_id": 367, "nearest_cluster_name": "Beraadtermijn", "nearest_cluster_distance": 0.0102, "document_cluster_id": null, "distance_to_own_document": null, "lands_in_own_document_cluster": null, "meta": "contra, SGP", "quote_snippet": "Hier in Nederland, waar wij onze verantwoordelijkheid hebben, zou je al door gewoon heel praktisch \u2026 Dat heeft in een regeerakkoord gestaan waar u onderdeel van uitmaakte, alleen is daar totaal niets "}}, {"type": "Feature", "geometry": {"type": "Point", "coordinates": [-2.390891746064569, -7.9627802528256115]}, "properties": {"argument_id": 1753, "document_id": 5472, "nearest_cluster_id": 367, "nearest_cluster_name": "Beraadtermijn", "nearest_cluster_distance": 0.0787, "document_cluster_id": null, "distance_to_own_document": null, "lands_in_own_document_cluster": null, "meta": "pro, D66", "quote_snippet": "We zien dat er ook hier groepen voor de deur staan en ervoor pleiten om het recht op abortus in Nederland op te heffen. Dat lijkt misschien ver weg, maar dat leek in Amerika een paar jaar geleden ook "}}, {"type": "Feature", "geometry": {"type": "Point", "coordinates": [-1.9503865309058641, -7.5099780041855055]}, "properties": {"argument_id": 1754, "document_id": 5472, "nearest_cluster_id": 69, "nearest_cluster_name": "Abortus", "nearest_cluster_distance": 0.042, "document_cluster_id": null, "distance_to_own_document": null, "lands_in_own_document_cluster": null, "meta": "pro, D66", "quote_snippet": "Ik heb het verkiezingsprogramma van de SGP gelezen; misschien niet helemaal, maar in ieder geval een paar hoofdstukken daarvan. Ik heb gezien dat de SGP over iets als seksuele voorlichting zegt: dat w"}}, {"type": "Feature", "geometry": {"type": "Point", "coordinates": [16.8980738613704, -8.5947981999469]}, "properties": {"argument_id": 1755, "document_id": 5472, "nearest_cluster_id": 505, "nearest_cluster_name": "Lintjesregeling", "nearest_cluster_distance": 0.1936, "document_cluster_id": null, "distance_to_own_document": null, "lands_in_own_document_cluster": null, "meta": "pro, D66", "quote_snippet": "Ik denk ook dat het leidt tot wat we nu in Polen en de VS zien, namelijk dat vrouwen steeds meer worden weggedrukt, dat hun positie in de samenleving zwakker wordt en dat we enorme stappen terug zette"}}, {"type": "Feature", "geometry": {"type": "Point", "coordinates": [-2.2972923274114554, -7.7379125818137675]}, "properties": {"argument_id": 1756, "document_id": 5474, "nearest_cluster_id": 367, "nearest_cluster_name": "Beraadtermijn", "nearest_cluster_distance": 0.0341, "document_cluster_id": null, "distance_to_own_document": null, "lands_in_own_document_cluster": null, "meta": "contra, NSC", "quote_snippet": "Ik lees in de nota dat die pillen juist gegeven zouden moeten worden aan organisaties die opereren in landen waar abortus illegaal is. Ik ben blij om te lezen dat het kabinet hierop gereageerd heeft m"}}, {"type": "Feature", "geometry": {"type": "Point", "coordinates": [-1.8565689988344651, -7.719536532861841]}, "properties": {"argument_id": 1757, "document_id": 5475, "nearest_cluster_id": 69, "nearest_cluster_name": "Abortus", "nearest_cluster_distance": 0.0858, "document_cluster_id": null, "distance_to_own_document": null, "lands_in_own_document_cluster": null, "meta": "pro, D66", "quote_snippet": "Dit leidt nu in heel veel landen tot tragedies waarover de collega's die over ontwikkelingssamenwerking gaan het vaak hebben. Het betekent namelijk dat het aantal vrouwen dat door een onveilige abortu"}}, {"type": "Feature", "geometry": {"type": "Point", "coordinates": [-2.589044191300037, -8.20621440297553]}, "properties": {"argument_id": 1758, "document_id": 5476, "nearest_cluster_id": 367, "nearest_cluster_name": "Beraadtermijn", "nearest_cluster_distance": 0.1361, "document_cluster_id": null, "distance_to_own_document": null, "lands_in_own_document_cluster": null, "meta": "contra, NSC", "quote_snippet": "Als ik de heer Paternotte goed begrijp, is hij er dus voorstander van om abortuspillen te verstrekken in landen waar abortus illegaal is, waarmee hij ingaat tegen nationale wet- en regelgeving. Dit te"}}, {"type": "Feature", "geometry": {"type": "Point", "coordinates": [-2.0222561006560276, -8.070116036941497]}, "properties": {"argument_id": 1759, "document_id": 5477, "nearest_cluster_id": 367, "nearest_cluster_name": "Beraadtermijn", "nearest_cluster_distance": 0.1182, "document_cluster_id": null, "distance_to_own_document": null, "lands_in_own_document_cluster": null, "meta": "pro, D66", "quote_snippet": "Zodat vrouwen niet onnodig sterven, zeg ik tegen de heer Kahraman. Er is ook een VN-commissie die over de abortuswet in Polen zegt dat die tot hele wrede situaties leidt. Die Poolse wet kennen wij nat"}}, {"type": "Feature", "geometry": {"type": "Point", "coordinates": [-2.3074765462498226, -7.453671904867291]}, "properties": {"argument_id": 1760, "document_id": 5479, "nearest_cluster_id": 367, "nearest_cluster_name": "Beraadtermijn", "nearest_cluster_distance": 0.0251, "document_cluster_id": null, "distance_to_own_document": null, "lands_in_own_document_cluster": null, "meta": "contra, NSC", "quote_snippet": "De heer Paternotte drijft het debat naar \"als vrouwen in nood komen\". Maar dat is voor mij echt een gezondheidsvraagstuk, waarin de arts samen met de moeder bepaalt welk leven de moeder \u2026 Nou ja. Mijn"}}, {"type": "Feature", "geometry": {"type": "Point", "coordinates": [-2.221602177565185, -7.550391333825169]}, "properties": {"argument_id": 1761, "document_id": 5480, "nearest_cluster_id": 367, "nearest_cluster_name": "Beraadtermijn", "nearest_cluster_distance": 0.0245, "document_cluster_id": null, "distance_to_own_document": null, "lands_in_own_document_cluster": null, "meta": "pro, D66", "quote_snippet": "De inzet van deze nota is om van het recht op afbreking van de zwangerschap een mensenrecht te maken, zodat legaal of illegaal ook geen vraagstuk meer is. Het zou namelijk niet illegaal moeten zijn. H"}}, {"type": "Feature", "geometry": {"type": "Point", "coordinates": [3.072648046502578, 12.954139829084527]}, "properties": {"argument_id": 1762, "document_id": 5480, "nearest_cluster_id": 1950, "nearest_cluster_name": "Overleg", "nearest_cluster_distance": 0.2601, "document_cluster_id": null, "distance_to_own_document": null, "lands_in_own_document_cluster": null, "meta": "pro, D66", "quote_snippet": "Als je vindt dat de gezondheid van vrouwen \u00e9cht telt, dan zou je moeten zeggen dat de keuze bij hen ligt."}}, {"type": "Feature", "geometry": {"type": "Point", "coordinates": [-1.7464768501679817, -7.599166159891578]}, "properties": {"argument_id": 1763, "document_id": 5480, "nearest_cluster_id": 69, "nearest_cluster_name": "Abortus", "nearest_cluster_distance": 0.0715, "document_cluster_id": null, "distance_to_own_document": null, "lands_in_own_document_cluster": null, "meta": "pro, D66", "quote_snippet": "Ik zeg dat we zien dat dit recht op zo veel plekken zo ver wordt ingeperkt dat vrouwen worden teruggedrongen naar het begin van de emancipatie en dat hun gezondheid aan de lopende band in gevaar is. D"}}, {"type": "Feature", "geometry": {"type": "Point", "coordinates": [-2.007846233944739, -7.66894986676371]}, "properties": {"argument_id": 1764, "document_id": 5481, "nearest_cluster_id": 367, "nearest_cluster_name": "Beraadtermijn", "nearest_cluster_distance": 0.0692, "document_cluster_id": null, "distance_to_own_document": null, "lands_in_own_document_cluster": null, "meta": "contra, NSC", "quote_snippet": "Maar de nota zegt dat abortus een mensenrecht moet zijn, een absoluut recht dus. Dan gaat het ook om vrouwen die ongewenst zwanger raken en misschien \u2014 de heer Stoffer refereerde hier al aan \u2014 geen hu"}}, {"type": "Feature", "geometry": {"type": "Point", "coordinates": [-2.459959397287538, -7.688134787106258]}, "properties": {"argument_id": 1765, "document_id": 5481, "nearest_cluster_id": 367, "nearest_cluster_name": "Beraadtermijn", "nearest_cluster_distance": 0.0327, "document_cluster_id": null, "distance_to_own_document": null, "lands_in_own_document_cluster": null, "meta": "contra, NSC", "quote_snippet": "Ik zei het al: in 1% van de gevallen \u2014 dit zegt mijn medewerker \u2014 loopt een vrouwenleven gevaar door de zwangerschap. Maar die andere 99 gevallen \u2026 Wil de heer Paternotte zeggen dat hij die uit de not"}}, {"type": "Feature", "geometry": {"type": "Point", "coordinates": [-2.2400747062983686, -7.67636279654212]}, "properties": {"argument_id": 1766, "document_id": 5484, "nearest_cluster_id": 367, "nearest_cluster_name": "Beraadtermijn", "nearest_cluster_distance": 0.0289, "document_cluster_id": null, "distance_to_own_document": null, "lands_in_own_document_cluster": null, "meta": "contra, ChristenUnie", "quote_snippet": "Daarmee geven we in ons land een uitleg aan Artikel 2 van het EVRM, het recht op leven. Het Europees Hof heeft geconstateerd dat dit in verschillende landen ook verschillend wordt uitgelegd. Sommige l"}}, {"type": "Feature", "geometry": {"type": "Point", "coordinates": [-2.0459202081145356, -7.874315801768116]}, "properties": {"argument_id": 1767, "document_id": 5485, "nearest_cluster_id": 367, "nearest_cluster_name": "Beraadtermijn", "nearest_cluster_distance": 0.0843, "document_cluster_id": null, "distance_to_own_document": null, "lands_in_own_document_cluster": null, "meta": "pro, D66", "quote_snippet": "Dit betekent dat je het fundamentele principe vastlegt dat de keuze bij de vrouw ligt. Elk land moet daar natuurlijk nog steeds de eigen invulling aan geven; dat hebben we in Nederland ook gedaan. Dat"}}, {"type": "Feature", "geometry": {"type": "Point", "coordinates": [17.926222165552176, -11.843068548875486]}, "properties": {"argument_id": 1768, "document_id": 5486, "nearest_cluster_id": 93, "nearest_cluster_name": "Arbeidsmigratie", "nearest_cluster_distance": 0.1753, "document_cluster_id": null, "distance_to_own_document": null, "lands_in_own_document_cluster": null, "meta": "contra, ChristenUnie", "quote_snippet": "Maar juist bij de rechtspraak rond artikel 2 van het EVRM, over het recht op leven, hoort nog steeds het besef dat dit geen Europese afspraak is. Een land mag voor zichzelf afwegen hoe het dit precies"}}, {"type": "Feature", "geometry": {"type": "Point", "coordinates": [-2.536380586612674, -7.713258574480584]}, "properties": {"argument_id": 1769, "document_id": 5486, "nearest_cluster_id": 367, "nearest_cluster_name": "Beraadtermijn", "nearest_cluster_distance": 0.0477, "document_cluster_id": null, "distance_to_own_document": null, "lands_in_own_document_cluster": null, "meta": "contra, ChristenUnie", "quote_snippet": "Ik heb nog steeds geen antwoord op mijn vraag aan D66. Op de vraag \"hoe weeg je het recht op leven?\", is het antwoord, als ik het goed begrepen heb: dat ligt aan hoe de moeder dat weegt. Het ongeboren"}}, {"type": "Feature", "geometry": {"type": "Point", "coordinates": [-1.972097205002812, -7.7464940564465214]}, "properties": {"argument_id": 1770, "document_id": 5487, "nearest_cluster_id": 367, "nearest_cluster_name": "Beraadtermijn", "nearest_cluster_distance": 0.0814, "document_cluster_id": null, "distance_to_own_document": null, "lands_in_own_document_cluster": null, "meta": "pro, D66", "quote_snippet": "Er duiken steeds opnieuw tragische verhalen op over vrouwen die sterven of ernstige gezondheidsschade ondervinden omdat ze niet over hun eigen lichaam kunnen beslissen. Ons voorstel is om hier Europee"}}, {"type": "Feature", "geometry": {"type": "Point", "coordinates": [-2.567316739247837, -7.555731999192167]}, "properties": {"argument_id": 1771, "document_id": 5488, "nearest_cluster_id": 367, "nearest_cluster_name": "Beraadtermijn", "nearest_cluster_distance": 0.0449, "document_cluster_id": null, "distance_to_own_document": null, "lands_in_own_document_cluster": null, "meta": "contra, ChristenUnie", "quote_snippet": "Mijn principi\u00eble moeite bij deze initiatiefnota is dat er voor het tegenovergestelde gekozen wordt. Abortus als mensenrecht suggereert voor mij een exclusiviteit richting het ongeboren leven, alsof da"}}, {"type": "Feature", "geometry": {"type": "Point", "coordinates": [-2.4070704886296386, -7.635206130078153]}, "properties": {"argument_id": 1772, "document_id": 5489, "nearest_cluster_id": 367, "nearest_cluster_name": "Beraadtermijn", "nearest_cluster_distance": 0.0178, "document_cluster_id": null, "distance_to_own_document": null, "lands_in_own_document_cluster": null, "meta": "pro, D66", "quote_snippet": "De wet zit zo in elkaar dat als een vrouw in een noodsituatie zit, ze toegang heeft tot een arts. Ze weet dat de keuze bij haarzelf ligt, maar dat er wel een goed gesprek plaatsvindt. Er kan, in overl"}}, {"type": "Feature", "geometry": {"type": "Point", "coordinates": [4.493841524134774, -1.226294949446858]}, "properties": {"argument_id": 1773, "document_id": 5489, "nearest_cluster_id": 1456, "nearest_cluster_name": "Boetestelsels", "nearest_cluster_distance": 0.2849, "document_cluster_id": null, "distance_to_own_document": null, "lands_in_own_document_cluster": null, "meta": "pro, D66", "quote_snippet": "Als we naar een situatie toe gaan zoals u en de heer Stoffer beschrijven \u2014 ik snap dat vanuit uw overtuigingen \u2014 dan leidt dat ofwel tot een totaalverbod ofwel tot hele vergaande beperkingen. In de la"}}, {"type": "Feature", "geometry": {"type": "Point", "coordinates": [17.799510253782554, -5.11983755632929]}, "properties": {"argument_id": 1774, "document_id": 5489, "nearest_cluster_id": 90, "nearest_cluster_name": "Digitale overheid", "nearest_cluster_distance": 0.1218, "document_cluster_id": null, "distance_to_own_document": null, "lands_in_own_document_cluster": null, "meta": "pro, D66", "quote_snippet": "Ik zie eerlijk gezegd niet in hoe je een veel betere situatie kunt bereiken als je zegt dat een vrouw niet zelf de keuzevrijheid heeft. Daarom willen wij dit als recht vastleggen."}}, {"type": "Feature", "geometry": {"type": "Point", "coordinates": [-1.8242043231520757, -7.4698865353937745]}, "properties": {"argument_id": 1775, "document_id": 5491, "nearest_cluster_id": 69, "nearest_cluster_name": "Abortus", "nearest_cluster_distance": 0.0414, "document_cluster_id": null, "distance_to_own_document": null, "lands_in_own_document_cluster": null, "meta": "contra, NSC", "quote_snippet": "Dit is de commissie Buitenlandse Zaken, dus dacht ik bij de voorbereiding: ik ga het niet hebben over de inhoudelijke vraag wanneer abortus wel is toegestaan en wanneer niet, want dat debat hoort in e"}}, {"type": "Feature", "geometry": {"type": "Point", "coordinates": [-2.0710200291725216, -7.651127070629817]}, "properties": {"argument_id": 1776, "document_id": 5491, "nearest_cluster_id": 367, "nearest_cluster_name": "Beraadtermijn", "nearest_cluster_distance": 0.0562, "document_cluster_id": null, "distance_to_own_document": null, "lands_in_own_document_cluster": null, "meta": "contra, NSC", "quote_snippet": "Als we van abortus een mensenrecht maken, onder de voorwaarden die wij als Nederland hebben bepaald, wat gaat de heer Paternotte dan doen met landen die een liberalere abortuswet hebben? Gaan we die d"}}, {"type": "Feature", "geometry": {"type": "Point", "coordinates": [29.3106352549636, 4.436525602689356]}, "properties": {"argument_id": 1777, "document_id": 5496, "nearest_cluster_id": 771, "nearest_cluster_name": "Toegankelijkheid", "nearest_cluster_distance": 0.022, "document_cluster_id": null, "distance_to_own_document": null, "lands_in_own_document_cluster": null, "meta": "pro, D66", "quote_snippet": "Onder dit kabinet is er alleen ontzettend veel bezuinigd. Onder minister Klever is zelfs al het geld voor pleitbezorging geschrapt. Dat is heel pijnlijk, want het heeft geen zin om geld te geven voor "}}, {"type": "Feature", "geometry": {"type": "Point", "coordinates": [20.810160925425166, -24.585925001886128]}, "properties": {"argument_id": 1778, "document_id": 5496, "nearest_cluster_id": 159, "nearest_cluster_name": "Kernwapenbeleid", "nearest_cluster_distance": 0.1236, "document_cluster_id": null, "distance_to_own_document": null, "lands_in_own_document_cluster": null, "meta": "pro, D66", "quote_snippet": "Ik noemde net, in een kort debat met de heer Stoffer, de wreedheid van seksueel geweld tegen vrouwen als gevechtshandeling door Russen in Oekra\u00efne, door de Rapid Support Forces in de omgeving van Khar"}}, {"type": "Feature", "geometry": {"type": "Point", "coordinates": [26.717539952544797, 5.781842825554743]}, "properties": {"argument_id": 1779, "document_id": 5496, "nearest_cluster_id": 1137, "nearest_cluster_name": "Jeugdzorg", "nearest_cluster_distance": 0.0987, "document_cluster_id": null, "distance_to_own_document": null, "lands_in_own_document_cluster": null, "meta": "pro, D66", "quote_snippet": "Daar zit alleen wel een prijskaartje aan, waardoor het vaak voor mensen niet haalbaar is. Ziet de staatssecretaris nog mogelijkheden om in samenwerking met klinieken te spreken over het zo laag mogeli"}}, {"type": "Feature", "geometry": {"type": "Point", "coordinates": [-2.05004039455444, -7.418238894977047]}, "properties": {"argument_id": 1780, "document_id": 5498, "nearest_cluster_id": 69, "nearest_cluster_name": "Abortus", "nearest_cluster_distance": 0.0317, "document_cluster_id": null, "distance_to_own_document": null, "lands_in_own_document_cluster": null, "meta": "contra, SGP", "quote_snippet": "Als u dan toch al die vragen stelt, kunt u dan in antwoord op mijn vraag niet ook de vraag bij het kabinet neerleggen of het geld beschikbaar kan stellen om te voorkomen dat Nederlandse vrouwen die hi"}}, {"type": "Feature", "geometry": {"type": "Point", "coordinates": [-1.92832112289786, -7.389014743412032]}, "properties": {"argument_id": 1781, "document_id": 5501, "nearest_cluster_id": 69, "nearest_cluster_name": "Abortus", "nearest_cluster_distance": 0.0179, "document_cluster_id": null, "distance_to_own_document": null, "lands_in_own_document_cluster": null, "meta": "pro, D66", "quote_snippet": "Dan is het gevolg toch dat er veel meer vrouwen in een noodsituatie zitten? Die ontwikkelingshulp is inderdaad mede gericht op zorgen dat er voorlichting is en dat anticonceptie beschikbaar is. Oftewe"}}, {"type": "Feature", "geometry": {"type": "Point", "coordinates": [27.060658724864787, 3.3769163306653796]}, "properties": {"argument_id": 1782, "document_id": 5503, "nearest_cluster_id": 845, "nearest_cluster_name": "Gemeentefinanciering", "nearest_cluster_distance": 0.0965, "document_cluster_id": null, "distance_to_own_document": null, "lands_in_own_document_cluster": null, "meta": "contra, SGP", "quote_snippet": "Ik vraag dus gewoon aan dit kabinet om een aantal miljoenen beschikbaar te stellen voor Nederlandse vrouwen die hun kindje best zouden willen houden, maar gewoon de euro's of de kamers in hun huis nie"}}, {"type": "Feature", "geometry": {"type": "Point", "coordinates": [-1.9170391464158183, -7.978914252140642]}, "properties": {"argument_id": 1783, "document_id": 5505, "nearest_cluster_id": 367, "nearest_cluster_name": "Beraadtermijn", "nearest_cluster_distance": 0.1173, "document_cluster_id": null, "distance_to_own_document": null, "lands_in_own_document_cluster": null, "meta": "pro, D66", "quote_snippet": "In Polen wordt wat de SGP graag wil eigenlijk in de praktijk gebracht. Dat gaat niet alleen over het verbod op abortus; dat betekent ook dat er veel minder kinderopvang is en dat de deelname van vrouw"}}, {"type": "Feature", "geometry": {"type": "Point", "coordinates": [-2.1261116436700207, -7.665852169107836]}, "properties": {"argument_id": 1784, "document_id": 5513, "nearest_cluster_id": 367, "nearest_cluster_name": "Beraadtermijn", "nearest_cluster_distance": 0.0468, "document_cluster_id": null, "distance_to_own_document": null, "lands_in_own_document_cluster": null, "meta": "pro, SP", "quote_snippet": "Goede abortuszorg staat namelijk wereldwijd steeds meer onder druk, wat voor veel vrouwen het verschil tussen leven en dood kan betekenen. Conservatieve krachten willen dit stukje veiligheid en zelfbe"}}, {"type": "Feature", "geometry": {"type": "Point", "coordinates": [19.093210446300503, -17.479902293105678]}, "properties": {"argument_id": 1785, "document_id": 5513, "nearest_cluster_id": 646, "nearest_cluster_name": "Buitengrenzenbeheer", "nearest_cluster_distance": 0.0724, "document_cluster_id": null, "distance_to_own_document": null, "lands_in_own_document_cluster": null, "meta": "pro, SP", "quote_snippet": "Afgelopen juni bracht het European Parliamentary Forum het rapport The Next Wave uit. Hierin werd nogmaals blootgelegd hoe conservatieve en religieuze groeperingen internationaal georganiseerd zijn en"}}, {"type": "Feature", "geometry": {"type": "Point", "coordinates": [-1.9990018546758346, -7.756604659324704]}, "properties": {"argument_id": 1786, "document_id": 5513, "nearest_cluster_id": 367, "nearest_cluster_name": "Beraadtermijn", "nearest_cluster_distance": 0.0775, "document_cluster_id": null, "distance_to_own_document": null, "lands_in_own_document_cluster": null, "meta": "pro, SP", "quote_snippet": "Het vastleggen van abortus als mensenrecht in internationale verdragen zoals het Handvest van de grondrechten van de Europese Unie en het Internationaal Verdrag inzake burgerrechten en politieke recht"}}, {"type": "Feature", "geometry": {"type": "Point", "coordinates": [-2.1877754229250628, -7.681775824564675]}, "properties": {"argument_id": 1787, "document_id": 5513, "nearest_cluster_id": 367, "nearest_cluster_name": "Beraadtermijn", "nearest_cluster_distance": 0.0376, "document_cluster_id": null, "distance_to_own_document": null, "lands_in_own_document_cluster": null, "meta": "pro, SP", "quote_snippet": "Wij vinden net als de initiatiefnemers dat abortuszorg ook beschikbaar moet zijn voor onverzekerden in Nederland. Maar de financiering daarvan via het Mensenrechtenfonds lijkt ons onwenselijk, zeker g"}}, {"type": "Feature", "geometry": {"type": "Point", "coordinates": [24.299529803739805, -10.163092054955149]}, "properties": {"argument_id": 1788, "document_id": 5513, "nearest_cluster_id": 1087, "nearest_cluster_name": "Cryptovaluta", "nearest_cluster_distance": 0.082, "document_cluster_id": null, "distance_to_own_document": null, "lands_in_own_document_cluster": null, "meta": "pro, SP", "quote_snippet": "Sinds dit kabinet is aangetreden, is er met miljoenen bezuinigd op seksuele rechten en gezondheid: 43 miljoen dit jaar, 100 miljoen volgend jaar en de jaren erop nog veel meer. De post \"vrouwenrechten"}}, {"type": "Feature", "geometry": {"type": "Point", "coordinates": [-2.2573655876116145, -7.712508021849379]}, "properties": {"argument_id": 1789, "document_id": 5515, "nearest_cluster_id": 367, "nearest_cluster_name": "Beraadtermijn", "nearest_cluster_distance": 0.0325, "document_cluster_id": null, "distance_to_own_document": null, "lands_in_own_document_cluster": null, "meta": "contra, NSC", "quote_snippet": "Maar het vastleggen van abortus als mensenrecht zien wij niet als de oplossing. Het opnemen van abortus in internationale verdragen zoals het EU-Handvest of het Internationaal Verdrag inzake burgerrec"}}, {"type": "Feature", "geometry": {"type": "Point", "coordinates": [-2.171529568538983, -7.488238484077892]}, "properties": {"argument_id": 1790, "document_id": 5515, "nearest_cluster_id": 367, "nearest_cluster_name": "Beraadtermijn", "nearest_cluster_distance": 0.0381, "document_cluster_id": null, "distance_to_own_document": null, "lands_in_own_document_cluster": null, "meta": "contra, NSC", "quote_snippet": "De luide roep om abortus expliciet als mensenrecht vast te leggen, werkt in onze ogen zelfs averechts. In de huidige wereldorde, waarin dit thema zwaarbeladen, cultureel bepaald en politiek controvers"}}, {"type": "Feature", "geometry": {"type": "Point", "coordinates": [-2.054287614084114, -7.766666631345003]}, "properties": {"argument_id": 1791, "document_id": 5515, "nearest_cluster_id": 367, "nearest_cluster_name": "Beraadtermijn", "nearest_cluster_distance": 0.0691, "document_cluster_id": null, "distance_to_own_document": null, "lands_in_own_document_cluster": null, "meta": "contra, NSC", "quote_snippet": "Veel experts wijzen er bovendien op dat het recht op toegang tot abortus al impliciet besloten ligt in bestaande verdragen, zoals het VN-Vrouwenverdrag en het Internationaal Verdrag inzake economische"}}, {"type": "Feature", "geometry": {"type": "Point", "coordinates": [-1.9921300835744933, -7.377943937390775]}, "properties": {"argument_id": 1792, "document_id": 5515, "nearest_cluster_id": 69, "nearest_cluster_name": "Abortus", "nearest_cluster_distance": 0.0183, "document_cluster_id": null, "distance_to_own_document": null, "lands_in_own_document_cluster": null, "meta": "contra, NSC", "quote_snippet": "Voor Nieuw Sociaal Contract ligt de nadruk op preventie. Het voorkomen van ongewenste zwangerschappen moet centraal staan; dat kan door goede voorlichting en door brede toegang tot anticonceptie. Want"}}, {"type": "Feature", "geometry": {"type": "Point", "coordinates": [22.092926684819876, -14.496285716022891]}, "properties": {"argument_id": 1793, "document_id": 5515, "nearest_cluster_id": 509, "nearest_cluster_name": "Internationale samenwerking", "nearest_cluster_distance": 0.0863, "document_cluster_id": null, "distance_to_own_document": null, "lands_in_own_document_cluster": null, "meta": "contra, NSC", "quote_snippet": "Tegelijkertijd vinden wij het belangrijk dat door Nederland gefinancierde ngo's zich houden aan de wetten van de landen waar zij actief zijn."}}, {"type": "Feature", "geometry": {"type": "Point", "coordinates": [-2.073301831086884, -8.048344347762894]}, "properties": {"argument_id": 1794, "document_id": 5517, "nearest_cluster_id": 367, "nearest_cluster_name": "Beraadtermijn", "nearest_cluster_distance": 0.1093, "document_cluster_id": null, "distance_to_own_document": null, "lands_in_own_document_cluster": null, "meta": "pro, D66", "quote_snippet": "Ik hoorde de heer Kahraman zeggen dat dit voorstel om het recht op abortus als een mensenrecht vast te leggen eigenlijk overbodig is omdat het impliciet al besloten ligt in het VN-Vrouwenverdrag en in"}}, {"type": "Feature", "geometry": {"type": "Point", "coordinates": [14.312317715949264, -11.31823225299845]}, "properties": {"argument_id": 1795, "document_id": 5518, "nearest_cluster_id": 346, "nearest_cluster_name": "Dwangsommen", "nearest_cluster_distance": 0.0429, "document_cluster_id": null, "distance_to_own_document": null, "lands_in_own_document_cluster": null, "meta": "contra, NSC", "quote_snippet": "Ik heb al aangegeven dat het mij echt te ver gaat om het te bevorderen naar een absoluut recht en er een mensenrecht van te maken. Het ligt besloten als een recht van vrouwen, binnen een aantal rechte"}}, {"type": "Feature", "geometry": {"type": "Point", "coordinates": [-1.8436787354989181, -7.890519004347635]}, "properties": {"argument_id": 1796, "document_id": 5531, "nearest_cluster_id": 367, "nearest_cluster_name": "Beraadtermijn", "nearest_cluster_distance": 0.1178, "document_cluster_id": null, "distance_to_own_document": null, "lands_in_own_document_cluster": null, "meta": "contra, NSC", "quote_snippet": "Een leven be\u00ebindigen vind ik wat anders dan je stem laten horen en het financieren van organisaties die iets willen veranderen in een land. Laat ik het zo zeggen: als die verandering met geweld zou ge"}}, {"type": "Feature", "geometry": {"type": "Point", "coordinates": [-2.0468334082504307, -7.846422017187946]}, "properties": {"argument_id": 1797, "document_id": 5533, "nearest_cluster_id": 367, "nearest_cluster_name": "Beraadtermijn", "nearest_cluster_distance": 0.0803, "document_cluster_id": null, "distance_to_own_document": null, "lands_in_own_document_cluster": null, "meta": "contra, NSC", "quote_snippet": "Ik vind echt dat het verstrekken van abortuspillen in landen waar abortus illegaal is \u2014 dat staat letterlijk in de initiatiefnota \u2014 een stap is die veel te ver gaat. Ik zou zeggen dat het onacceptabel"}}, {"type": "Feature", "geometry": {"type": "Point", "coordinates": [-1.813686942059405, -7.778576922616667]}, "properties": {"argument_id": 1798, "document_id": 5535, "nearest_cluster_id": 69, "nearest_cluster_name": "Abortus", "nearest_cluster_distance": 0.0993, "document_cluster_id": null, "distance_to_own_document": null, "lands_in_own_document_cluster": null, "meta": "contra, NSC", "quote_snippet": "Daarom vindt NSC het onwenselijk om wereldwijd een recht op abortus te forceren. Ieder land heeft zijn eigen cultuur, tradities en overtuigingen. Het opleggen van onze normen kan al snel worden gezien"}}, {"type": "Feature", "geometry": {"type": "Point", "coordinates": [-1.9093548429100977, -7.331320720807864]}, "properties": {"argument_id": 1799, "document_id": 5535, "nearest_cluster_id": 69, "nearest_cluster_name": "Abortus", "nearest_cluster_distance": 0.0091, "document_cluster_id": null, "distance_to_own_document": null, "lands_in_own_document_cluster": null, "meta": "contra, NSC", "quote_snippet": "Laten we daarom bij onze hulp aan andere landen inzetten op preventie, zodat de moeilijke keuze voor een abortus \u00fcberhaupt minder vaak gemaakt hoeft te worden."}}, {"type": "Feature", "geometry": {"type": "Point", "coordinates": [-2.1975258117776115, -7.538832010645178]}, "properties": {"argument_id": 1800, "document_id": 5537, "nearest_cluster_id": 367, "nearest_cluster_name": "Beraadtermijn", "nearest_cluster_distance": 0.0297, "document_cluster_id": null, "distance_to_own_document": null, "lands_in_own_document_cluster": null, "meta": "contra, FVD", "quote_snippet": "Wereldwijd worden per jaar 73 miljoen ongeboren kinderen opzettelijk gedood als gevolg van abortus. Dat zijn behalve de gemeente Wageningen ook alle inwoners van de rest van Nederland en van heel Belg"}}, {"type": "Feature", "geometry": {"type": "Point", "coordinates": [-2.3911889555576167, -7.697314240625134]}, "properties": {"argument_id": 1801, "document_id": 5537, "nearest_cluster_id": 367, "nearest_cluster_name": "Beraadtermijn", "nearest_cluster_distance": 0.0266, "document_cluster_id": null, "distance_to_own_document": null, "lands_in_own_document_cluster": null, "meta": "contra, FVD", "quote_snippet": "Nu stelt ze voor om van abortus een mensenrecht te maken, het mensenrecht om een ongeboren kind te doden. Hoe verdorven kan een geest zijn, vraag ik via u, meneer de voorzitter."}}, {"type": "Feature", "geometry": {"type": "Point", "coordinates": [-2.2070197375998695, -7.589718054944274]}, "properties": {"argument_id": 1808, "document_id": 5547, "nearest_cluster_id": 367, "nearest_cluster_name": "Beraadtermijn", "nearest_cluster_distance": 0.0271, "document_cluster_id": null, "distance_to_own_document": null, "lands_in_own_document_cluster": null, "meta": "contra, FVD", "quote_snippet": "Maar waren mensenrechten niet juist ooit bedoeld om kwetsbaren te beschermen in plaats van ze te doden? Op grond van het VN-verdrag inzake de rechten van het kind in ieder geval wel. In de inleiding v"}}, {"type": "Feature", "geometry": {"type": "Point", "coordinates": [-2.4601463516460678, -7.7559688481245255]}, "properties": {"argument_id": 1809, "document_id": 5547, "nearest_cluster_id": 367, "nearest_cluster_name": "Beraadtermijn", "nearest_cluster_distance": 0.0434, "document_cluster_id": null, "distance_to_own_document": null, "lands_in_own_document_cluster": null, "meta": "contra, FVD", "quote_snippet": "Wat w\u00e9l een mensenrecht is, is het recht op leven zoals verankerd in tal van internationale verdragen waaronder het EVRM. Het is vaste jurisprudentie dat ook het ongeboren leven op grond van het inter"}}, {"type": "Feature", "geometry": {"type": "Point", "coordinates": [-2.2175083564835347, -7.701954199448831]}, "properties": {"argument_id": 1810, "document_id": 5547, "nearest_cluster_id": 367, "nearest_cluster_name": "Beraadtermijn", "nearest_cluster_distance": 0.0357, "document_cluster_id": null, "distance_to_own_document": null, "lands_in_own_document_cluster": null, "meta": "contra, FVD", "quote_snippet": "Maar het op gruwelijke wijze doden van ongeboren kinderen tot 22 weken oud, met alles erop en eraan, van de vingernageltjes tot de wimpers, van baby'tjes die de stem van de moeder al kunnen herkennen,"}}, {"type": "Feature", "geometry": {"type": "Point", "coordinates": [-1.8688264935719119, -7.616095556337572]}, "properties": {"argument_id": 1811, "document_id": 5551, "nearest_cluster_id": 69, "nearest_cluster_name": "Abortus", "nearest_cluster_distance": 0.065, "document_cluster_id": null, "distance_to_own_document": null, "lands_in_own_document_cluster": null, "meta": "pro, GroenLinks-PvdA", "quote_snippet": "Als een vrouw geen recht heeft op veilige abortus, dan wordt zij gedwongen tot een onveilige abortus. Restrictief beleid leidt niet tot minder abortus, maar tot meer onveilige abortus, met alle social"}}, {"type": "Feature", "geometry": {"type": "Point", "coordinates": [24.943903953173635, -2.387117783876713]}, "properties": {"argument_id": 1812, "document_id": 5551, "nearest_cluster_id": 737, "nearest_cluster_name": "Vermogenstoets", "nearest_cluster_distance": 0.0743, "document_cluster_id": null, "distance_to_own_document": null, "lands_in_own_document_cluster": null, "meta": "pro, GroenLinks-PvdA", "quote_snippet": "De ons bekende cijfers liegen er namelijk niet om. Het Guttmacher Institute berekende dat een bezuiniging van 10 miljoen een toename betekent van 97.000 onveilige abortussen. Dat is een bezuiniging va"}}, {"type": "Feature", "geometry": {"type": "Point", "coordinates": [20.16331322601694, -12.321668243106506]}, "properties": {"argument_id": 1813, "document_id": 5551, "nearest_cluster_id": 2426, "nearest_cluster_name": "Arbeidsmigratie", "nearest_cluster_distance": 0.2462, "document_cluster_id": null, "distance_to_own_document": null, "lands_in_own_document_cluster": null, "meta": "pro, GroenLinks-PvdA", "quote_snippet": "Waar rechten worden afgebroken, is het tijd om ze stevig te verankeren. De indieners stellen voor om dit in het EU-Handvest en de VN-verdragen te doen."}}, {"type": "Feature", "geometry": {"type": "Point", "coordinates": [-2.5105808851355773, -7.611932295960904]}, "properties": {"argument_id": 1814, "document_id": 5553, "nearest_cluster_id": 367, "nearest_cluster_name": "Beraadtermijn", "nearest_cluster_distance": 0.0343, "document_cluster_id": null, "distance_to_own_document": null, "lands_in_own_document_cluster": null, "meta": "contra, ChristenUnie", "quote_snippet": "We hebben in de afgelopen jaren in Nederland juist gezien dat de abortuswetgeving is verruimd. De beraadtermijn is afgeschaft en de abortuspil bij de huisarts is toegankelijk geworden, waar mijn parti"}}, {"type": "Feature", "geometry": {"type": "Point", "coordinates": [4.048231016877757, 14.027288967915641]}, "properties": {"argument_id": 1815, "document_id": 5554, "nearest_cluster_id": 1433, "nearest_cluster_name": "Overig", "nearest_cluster_distance": 0.039, "document_cluster_id": null, "distance_to_own_document": null, "lands_in_own_document_cluster": null, "meta": "pro, GroenLinks-PvdA", "quote_snippet": "Wij staan voor dat recht omdat we willen dat vrouwen keuzevrijheid hebben over hun eigen lijf en leden."}}, {"type": "Feature", "geometry": {"type": "Point", "coordinates": [-2.0020194897705634, -7.44378321648926]}, "properties": {"argument_id": 1816, "document_id": 5555, "nearest_cluster_id": 69, "nearest_cluster_name": "Abortus", "nearest_cluster_distance": 0.031, "document_cluster_id": null, "distance_to_own_document": null, "lands_in_own_document_cluster": null, "meta": "contra, ChristenUnie", "quote_snippet": "Als ik bijvoorbeeld hoor over de situatie waarbij er geen urgentieverklaring wordt gegeven in Amsterdam als een alleenstaande moeder een kindje verwacht, omdat dat niet in de regelgeving past, dan gee"}}, {"type": "Feature", "geometry": {"type": "Point", "coordinates": [-2.074459509999318, -7.326609810062286]}, "properties": {"argument_id": 1817, "document_id": 5555, "nearest_cluster_id": 69, "nearest_cluster_name": "Abortus", "nearest_cluster_distance": 0.0266, "document_cluster_id": null, "distance_to_own_document": null, "lands_in_own_document_cluster": null, "meta": "contra, ChristenUnie", "quote_snippet": "Ik ben er voorstander van om telkens weer te zoeken naar wat we wel kunnen doen om vrouwen, en ook het ongeboren leven, een steun in de rug te geven."}}, {"type": "Feature", "geometry": {"type": "Point", "coordinates": [-2.0365461248297967, -7.436526646266398]}, "properties": {"argument_id": 1818, "document_id": 5556, "nearest_cluster_id": 69, "nearest_cluster_name": "Abortus", "nearest_cluster_distance": 0.0329, "document_cluster_id": null, "distance_to_own_document": null, "lands_in_own_document_cluster": null, "meta": "pro, GroenLinks-PvdA", "quote_snippet": "Wij vinden elkaar in het feit dat wij willen voorkomen dat ze in de ellende blijven, maar mijn partij vindt dat het recht op abortus bij het pakket hoort dat gelijkstaat aan preventie et cetera, omdat"}}, {"type": "Feature", "geometry": {"type": "Point", "coordinates": [-1.9843283343820044, -7.947318376934435]}, "properties": {"argument_id": 1956, "document_id": 5559, "nearest_cluster_id": 367, "nearest_cluster_name": "Beraadtermijn", "nearest_cluster_distance": 0.1034, "document_cluster_id": null, "distance_to_own_document": null, "lands_in_own_document_cluster": null, "meta": "unclear, VVD", "quote_snippet": "Wat betreft mensenrechten zien we dat de Europese Unie en de Verenigde Naties daar op dit moment nee tegen zeggen en er in ieder geval geen draagvlak lijkt te zijn om abortus op Europees niveau dan we"}}, {"type": "Feature", "geometry": {"type": "Point", "coordinates": [12.725434739644756, -11.194001229923755]}, "properties": {"argument_id": 1957, "document_id": 5559, "nearest_cluster_id": 1386, "nearest_cluster_name": "Inburgering", "nearest_cluster_distance": 0.1514, "document_cluster_id": null, "distance_to_own_document": null, "lands_in_own_document_cluster": null, "meta": "unclear, VVD", "quote_snippet": "Het vrouwenkiesrecht begon ooit in \u00e9\u00e9n land om vervolgens uit te groeien tot een recht dat in ieder geval nu door vele landen als zodanig wordt gezien. Eerlijkheidshalve moet ik zeggen dat er nog stee"}}, {"type": "Feature", "geometry": {"type": "Point", "coordinates": [18.89289124798669, -17.102708040528757]}, "properties": {"argument_id": 1958, "document_id": 5559, "nearest_cluster_id": 2494, "nearest_cluster_name": "Albanese criminaliteit", "nearest_cluster_distance": 0.0377, "document_cluster_id": null, "distance_to_own_document": null, "lands_in_own_document_cluster": null, "meta": "unclear, VVD", "quote_snippet": "Tegelijkertijd kan een land of een parlement niet bij besluit iets tot een mensenrecht maken. Als dat wel zo zou zijn, zou Nederland dat dan kunnen? Of zouden alle landen daartoe het recht hebben? Als"}}, {"type": "Feature", "geometry": {"type": "Point", "coordinates": [26.33384729072236, -7.626940630863484]}, "properties": {"argument_id": 1959, "document_id": 5559, "nearest_cluster_id": 683, "nearest_cluster_name": "Rulingpraktijk", "nearest_cluster_distance": 0.1784, "document_cluster_id": null, "distance_to_own_document": null, "lands_in_own_document_cluster": null, "meta": "unclear, VVD", "quote_snippet": "Wij hebben namelijk fors bezuinigd op ontwikkelingssamenwerking en daarmee ook op het ondersteunen van ngo's. Ook de VVD \u2014 wij waren onderdeel van de vier, de drie en de twee \u2014 heeft daarmee nadrukkel"}}, {"type": "Feature", "geometry": {"type": "Point", "coordinates": [12.24720069682431, -11.139755716265821]}, "properties": {"argument_id": 1960, "document_id": 5559, "nearest_cluster_id": 122, "nearest_cluster_name": "Tbs-beleid", "nearest_cluster_distance": 0.1797, "document_cluster_id": null, "distance_to_own_document": null, "lands_in_own_document_cluster": null, "meta": "unclear, VVD", "quote_snippet": "Door doelbewust de wet te overtreden, loop je het risico dat ngo's het werken in die landen onmogelijk wordt gemaakt en dat een groter doel van ons daarmee ook onmogelijk wordt gemaakt."}}, {"type": "Feature", "geometry": {"type": "Point", "coordinates": [-2.0328933242862166, -7.788488536740373]}, "properties": {"argument_id": 1961, "document_id": 5559, "nearest_cluster_id": 367, "nearest_cluster_name": "Beraadtermijn", "nearest_cluster_distance": 0.0751, "document_cluster_id": null, "distance_to_own_document": null, "lands_in_own_document_cluster": null, "meta": "unclear, VVD", "quote_snippet": "Leven we nu niet juist in een land waarin je de mening mag hebben van mevrouw Stoffer \u2026 Dit is een hele bijzondere combinatie! Excuus. Leven we nu niet juist in een land waarin je de mening mag hebben"}}, {"type": "Feature", "geometry": {"type": "Point", "coordinates": [12.963576242799576, -14.26645481276632]}, "properties": {"argument_id": 1962, "document_id": 5559, "nearest_cluster_id": 2191, "nearest_cluster_name": "Vreemdelingenbewaring", "nearest_cluster_distance": 0.0547, "document_cluster_id": null, "distance_to_own_document": null, "lands_in_own_document_cluster": null, "meta": "unclear, VVD", "quote_snippet": "Van het beschermen van mensenrechtenverdedigers, onder andere door ervoor te zorgen dat wij ook aanwezig zijn bij rechtszaken, ben ik een groot voorstander. Ik kan me daar ook in vinden, al was het ma"}}, {"type": "Feature", "geometry": {"type": "Point", "coordinates": [-2.0662646772837663, -7.685106039384418]}, "properties": {"argument_id": 1819, "document_id": 5570, "nearest_cluster_id": 367, "nearest_cluster_name": "Beraadtermijn", "nearest_cluster_distance": 0.0593, "document_cluster_id": null, "distance_to_own_document": null, "lands_in_own_document_cluster": null, "meta": "pro, D66", "quote_snippet": "Abortuszorg staat onder druk en dat is gewoonweg onacceptabel, want daarmee staat het zelfbeschikkingsrecht van vrouwen wereldwijd ter discussie."}}, {"type": "Feature", "geometry": {"type": "Point", "coordinates": [-1.6669900887331088, -7.259962869658862]}, "properties": {"argument_id": 1820, "document_id": 5572, "nearest_cluster_id": 799, "nearest_cluster_name": "Anticonceptie", "nearest_cluster_distance": 0.0539, "document_cluster_id": null, "distance_to_own_document": null, "lands_in_own_document_cluster": null, "meta": "pro, D66", "quote_snippet": "Meerdere collega's stipten al aan dat de financiering van USAID grotendeels is opgeschort, waardoor dagelijks ruim 130.000 vrouwen de toegang tot anticonceptie verliezen."}}, {"type": "Feature", "geometry": {"type": "Point", "coordinates": [-1.9809919181374747, -7.427226706469321]}, "properties": {"argument_id": 1821, "document_id": 5572, "nearest_cluster_id": 69, "nearest_cluster_name": "Abortus", "nearest_cluster_distance": 0.0264, "document_cluster_id": null, "distance_to_own_document": null, "lands_in_own_document_cluster": null, "meta": "pro, D66", "quote_snippet": "Het belangrijkste is dat er nog steeds wereldwijd vrouwen sterven aan de gevolgen van een onveilige abortus. Al was het maar \u00e9\u00e9n vrouw per jaar: dat is er dan \u00e9\u00e9n te veel. We moeten alles op alles zet"}}, {"type": "Feature", "geometry": {"type": "Point", "coordinates": [21.83412432819678, -7.011183653177716]}, "properties": {"argument_id": 1822, "document_id": 5575, "nearest_cluster_id": 1276, "nearest_cluster_name": "D66", "nearest_cluster_distance": 0.0653, "document_cluster_id": null, "distance_to_own_document": null, "lands_in_own_document_cluster": null, "meta": "pro, D66", "quote_snippet": "Mevrouw Bikker zei vanochtend dat het recht op zelfbeschikking een grens heeft. Deze discussie heb ik vaker met mevrouw Bikker gevoerd. Daar zijn wij het niet over eens. In deze zaken weegt het recht "}}, {"type": "Feature", "geometry": {"type": "Point", "coordinates": [32.50182631252788, 5.2583713993341945]}, "properties": {"argument_id": 1823, "document_id": 5575, "nearest_cluster_id": 2210, "nearest_cluster_name": "Eigen risico", "nearest_cluster_distance": 0.0599, "document_cluster_id": null, "distance_to_own_document": null, "lands_in_own_document_cluster": null, "meta": "pro, D66", "quote_snippet": "Wij stellen niet het een tegenover het ander. Preventie is ontzettend belangrijk. Het voorkomen van elke ongewenste zwangerschap moet elke dag de strijd van ons allen zijn. Ik zat in een kabinet met d"}}, {"type": "Feature", "geometry": {"type": "Point", "coordinates": [-2.202921122816718, -7.629445000267746]}, "properties": {"argument_id": 1849, "document_id": 5577, "nearest_cluster_id": 367, "nearest_cluster_name": "Beraadtermijn", "nearest_cluster_distance": 0.0299, "document_cluster_id": null, "distance_to_own_document": null, "lands_in_own_document_cluster": null, "meta": "pro, D66", "quote_snippet": "Wij hebben met deze initiatiefnota gekeken naar het recht op abortus. In onze veronderstelling \u2014 dat is ook onze conclusie \u2014 vloeit dit juist voort uit internationaal erkende mensenrechten, namelijk h"}}, {"type": "Feature", "geometry": {"type": "Point", "coordinates": [-2.036174612963488, -7.457340056415151]}, "properties": {"argument_id": 1850, "document_id": 5577, "nearest_cluster_id": 69, "nearest_cluster_name": "Abortus", "nearest_cluster_distance": 0.0364, "document_cluster_id": null, "distance_to_own_document": null, "lands_in_own_document_cluster": null, "meta": "pro, D66", "quote_snippet": "Daarnaast is er een hardnekkig misverstand. Het is goed om dit bij elk debat te benoemen: het beperken van de toegang tot veilige abortussen leidt nergens tot minder abortussen, maar leidt wel tot min"}}, {"type": "Feature", "geometry": {"type": "Point", "coordinates": [-2.390232612108214, -7.545850084672343]}, "properties": {"argument_id": 1851, "document_id": 5577, "nearest_cluster_id": 367, "nearest_cluster_name": "Beraadtermijn", "nearest_cluster_distance": 0.0111, "document_cluster_id": null, "distance_to_own_document": null, "lands_in_own_document_cluster": null, "meta": "pro, D66", "quote_snippet": "Wij hebben in de beantwoording ook gezegd dat biologisch gezien het leven ergens begint, maar dat wij een andere waardering maken als het gaat om de rechtendiscussie. Voor ons staat met deze initiatie"}}, {"type": "Feature", "geometry": {"type": "Point", "coordinates": [-1.864572083489986, -7.846150963315792]}, "properties": {"argument_id": 1852, "document_id": 5577, "nearest_cluster_id": 367, "nearest_cluster_name": "Beraadtermijn", "nearest_cluster_distance": 0.1096, "document_cluster_id": null, "distance_to_own_document": null, "lands_in_own_document_cluster": null, "meta": "pro, D66", "quote_snippet": "Maar in datzelfde verdrag staat ook dat we moeten zorgen voor veilige en toegankelijke abortuszorg, juist om de rechten en de gezondheid van meisjes te beschermen. Ook andere VN-mensenrechtenorganen z"}}, {"type": "Feature", "geometry": {"type": "Point", "coordinates": [-1.850018405733675, -7.716598858966992]}, "properties": {"argument_id": 1824, "document_id": 5580, "nearest_cluster_id": 69, "nearest_cluster_name": "Abortus", "nearest_cluster_distance": 0.0855, "document_cluster_id": null, "distance_to_own_document": null, "lands_in_own_document_cluster": null, "meta": "pro, D66", "quote_snippet": "Maar het Europees Hof voor de Rechten van de Mens heeft ook bevestigd dat vrouwen toegang moeten hebben tot diensten die legaal zijn, bijvoorbeeld abortus. Datzelfde Hof heeft ook gezegd dat staten mo"}}, {"type": "Feature", "geometry": {"type": "Point", "coordinates": [-1.9989251554518224, -7.770773937770597]}, "properties": {"argument_id": 1825, "document_id": 5580, "nearest_cluster_id": 367, "nearest_cluster_name": "Beraadtermijn", "nearest_cluster_distance": 0.0789, "document_cluster_id": null, "distance_to_own_document": null, "lands_in_own_document_cluster": null, "meta": "pro, D66", "quote_snippet": "Wij zeggen niet tegen landen dat zij hun wetgeving moeten aanpassen, maar wij zeggen wel: in Europa zou het recht op abortus moeten gelden en zou je niet onnodig moeten sterven."}}, {"type": "Feature", "geometry": {"type": "Point", "coordinates": [-2.2007639571413757, -7.7629997518092715]}, "properties": {"argument_id": 1826, "document_id": 5581, "nearest_cluster_id": 367, "nearest_cluster_name": "Beraadtermijn", "nearest_cluster_distance": 0.0473, "document_cluster_id": null, "distance_to_own_document": null, "lands_in_own_document_cluster": null, "meta": "contra, ChristenUnie", "quote_snippet": "Maar als je van abortus een mensenrecht maakt, dan is dat een fundamenteel ander gezichtspunt dan het recht op leven, dat tot nu toe in artikel 2 van het Europees Verdrag voor de Rechten van de Mens s"}}, {"type": "Feature", "geometry": {"type": "Point", "coordinates": [-2.1968283282092504, -7.701140757347958]}, "properties": {"argument_id": 1827, "document_id": 5582, "nearest_cluster_id": 367, "nearest_cluster_name": "Beraadtermijn", "nearest_cluster_distance": 0.0386, "document_cluster_id": null, "distance_to_own_document": null, "lands_in_own_document_cluster": null, "meta": "pro, D66", "quote_snippet": "Ik wil het niet simplificeren, maar vrouwen hebben ook het recht op leven. Zolang wij zien dat de toegang tot veilige abortuszorg niet geregeld is en we het niet kunnen garanderen dat vrouwen niet mee"}}, {"type": "Feature", "geometry": {"type": "Point", "coordinates": [-1.1457397654955808, -7.668488108589906]}, "properties": {"argument_id": 1828, "document_id": 5584, "nearest_cluster_id": 2391, "nearest_cluster_name": "Bufferzones", "nearest_cluster_distance": 0.061, "document_cluster_id": null, "distance_to_own_document": null, "lands_in_own_document_cluster": null, "meta": "contra, SGP", "quote_snippet": "Mijn vraag is: wat is nu het principi\u00eble verschil tussen een ongeboren en een geboren kind? De leeftijd van een mens, nul, drie maanden of min drie maanden, is iets waar hij of zij niets aan kan doen."}}, {"type": "Feature", "geometry": {"type": "Point", "coordinates": [-2.523682071337157, -7.02892607970389]}, "properties": {"argument_id": 1829, "document_id": 5584, "nearest_cluster_id": 367, "nearest_cluster_name": "Beraadtermijn", "nearest_cluster_distance": 0.1151, "document_cluster_id": null, "distance_to_own_document": null, "lands_in_own_document_cluster": null, "meta": "contra, SGP", "quote_snippet": "Als het leven in het geding is, dan moet je een keuze maken tussen het ene en het andere leven. Maar dit is toch niet een keuze tussen het ene of het andere leven? Het ene leven blijft doorgaan. Het l"}}, {"type": "Feature", "geometry": {"type": "Point", "coordinates": [-2.8750340259847045, -8.193208674385053]}, "properties": {"argument_id": 1853, "document_id": 5585, "nearest_cluster_id": 367, "nearest_cluster_name": "Beraadtermijn", "nearest_cluster_distance": 0.1634, "document_cluster_id": null, "distance_to_own_document": null, "lands_in_own_document_cluster": null, "meta": "pro, D66", "quote_snippet": "Voor mij en mijn partij weegt het recht voor vrouwen om te kunnen kiezen over zaken rond het eigen lichaam, het recht op zelfbeschikking, zwaarder dan de discussie of de levensovertuiging van de heer "}}, {"type": "Feature", "geometry": {"type": "Point", "coordinates": [-2.145370339449329, -7.6185547396597935]}, "properties": {"argument_id": 1830, "document_id": 5586, "nearest_cluster_id": 367, "nearest_cluster_name": "Beraadtermijn", "nearest_cluster_distance": 0.0402, "document_cluster_id": null, "distance_to_own_document": null, "lands_in_own_document_cluster": null, "meta": "contra, SGP", "quote_snippet": "Je hebt zelfbeschikkingsrecht over het eigen lichaam, maar hoe zit het met dat ongeboren kind? Over een geboren kind van drie maanden zijn we het helemaal eens, maar dat ongeboren kind van min drie ma"}}, {"type": "Feature", "geometry": {"type": "Point", "coordinates": [-2.1410032773821355, -7.550086528579173]}, "properties": {"argument_id": 1831, "document_id": 5587, "nearest_cluster_id": 367, "nearest_cluster_name": "Beraadtermijn", "nearest_cluster_distance": 0.0403, "document_cluster_id": null, "distance_to_own_document": null, "lands_in_own_document_cluster": null, "meta": "pro, D66", "quote_snippet": "Als vrouwen andere keuzes maken, weloverwogen \u2014 want voor het grootste percentage aan uitgevoerde abortussen hier in Nederland geldt dat het een weloverwegen besluit is \u2014 dan ga ik naast die vrouwen s"}}, {"type": "Feature", "geometry": {"type": "Point", "coordinates": [-2.092519780403436, -7.705296131880532]}, "properties": {"argument_id": 1832, "document_id": 5590, "nearest_cluster_id": 367, "nearest_cluster_name": "Beraadtermijn", "nearest_cluster_distance": 0.0563, "document_cluster_id": null, "distance_to_own_document": null, "lands_in_own_document_cluster": null, "meta": "pro, D66", "quote_snippet": "Waar wij voor staan is dat vrouwen wereldwijd toegang krijgen tot zorg waar zij recht op hebben, zodat zij niet sterven aan gebrek aan zorg, aan een onveilig uitgevoerde abortus, aan initiatieven of m"}}, {"type": "Feature", "geometry": {"type": "Point", "coordinates": [3.5037216539585354, 16.0641301383926]}, "properties": {"argument_id": 1833, "document_id": 5592, "nearest_cluster_id": 582, "nearest_cluster_name": "Procedureel", "nearest_cluster_distance": 0.0715, "document_cluster_id": null, "distance_to_own_document": null, "lands_in_own_document_cluster": null, "meta": "pro, D66", "quote_snippet": "Omdat die toegang z\u00f3 velen ontzegd wordt, is het tijd om het tot een mensenrecht te verklaren."}}, {"type": "Feature", "geometry": {"type": "Point", "coordinates": [-2.15110840014574, -7.7933162811482894]}, "properties": {"argument_id": 1834, "document_id": 5594, "nearest_cluster_id": 367, "nearest_cluster_name": "Beraadtermijn", "nearest_cluster_distance": 0.0582, "document_cluster_id": null, "distance_to_own_document": null, "lands_in_own_document_cluster": null, "meta": "pro, D66", "quote_snippet": "Ja, maar dat is dus hetzelfde als toegang tot abortus, want dat is voor mijn partij een vorm van zorg. U kunt in de nota lezen wat u wil, maar abortus is voor mij een vorm van zorg en ik wil dat vrouw"}}, {"type": "Feature", "geometry": {"type": "Point", "coordinates": [-2.196502356507199, -7.529161599181426]}, "properties": {"argument_id": 1835, "document_id": 5595, "nearest_cluster_id": 367, "nearest_cluster_name": "Beraadtermijn", "nearest_cluster_distance": 0.0304, "document_cluster_id": null, "distance_to_own_document": null, "lands_in_own_document_cluster": null, "meta": "contra, FVD", "quote_snippet": "Nu hoorde ik haar zojuist zeggen dat strengere abortuswetgeving niet leidt tot minder abortussen. Dat druist in tegen de logica."}}, {"type": "Feature", "geometry": {"type": "Point", "coordinates": [-1.9540896653152025, -7.739515869622643]}, "properties": {"argument_id": 1836, "document_id": 5596, "nearest_cluster_id": 367, "nearest_cluster_name": "Beraadtermijn", "nearest_cluster_distance": 0.0841, "document_cluster_id": null, "distance_to_own_document": null, "lands_in_own_document_cluster": null, "meta": "pro, D66", "quote_snippet": "We zien in landen om ons heen \u2014 kijk ook naar Amerika \u2014 dat waar de abortuswetgeving strenger wordt, vrouwen ondergronds gaan. Vrouwen doen wat nodig is om te kunnen blijven leven of om hun eigen keuz"}}, {"type": "Feature", "geometry": {"type": "Point", "coordinates": [-2.1492676187694477, -7.673924693796516]}, "properties": {"argument_id": 1837, "document_id": 5597, "nearest_cluster_id": 367, "nearest_cluster_name": "Beraadtermijn", "nearest_cluster_distance": 0.0433, "document_cluster_id": null, "distance_to_own_document": null, "lands_in_own_document_cluster": null, "meta": "contra, FVD", "quote_snippet": "In de zogenaamde rode staten, de Republikeinse staten, waar veel meer prolifewetten gelden, zijn de abortuspercentages aanzienlijk lager dan in de zogenaamde blauwe staten, de Democratische staten. Ki"}}, {"type": "Feature", "geometry": {"type": "Point", "coordinates": [-2.1128762338264186, -7.611495829658492]}, "properties": {"argument_id": 1838, "document_id": 5599, "nearest_cluster_id": 367, "nearest_cluster_name": "Beraadtermijn", "nearest_cluster_distance": 0.0463, "document_cluster_id": null, "distance_to_own_document": null, "lands_in_own_document_cluster": null, "meta": "pro, D66", "quote_snippet": "Dat wat de heer Van Meijeren beweert, raakt kant noch wal en doet ook geen recht aan de urgentie om abortus voor vrouwen mogelijk te maken in noodsituaties. We hebben die wetgeving in dit land niet vo"}}, {"type": "Feature", "geometry": {"type": "Point", "coordinates": [-2.2846129869419416, -7.439005378899678]}, "properties": {"argument_id": 1839, "document_id": 5605, "nearest_cluster_id": 367, "nearest_cluster_name": "Beraadtermijn", "nearest_cluster_distance": 0.0294, "document_cluster_id": null, "distance_to_own_document": null, "lands_in_own_document_cluster": null, "meta": "contra, FVD", "quote_snippet": "Maar als de cijfers en feiten laten zien dat ook zaken als voorlichting, bedenktijd, goede opvang en het zoeken naar andere oplossingen aantoonbaar leiden tot minder abortussen en dus aantoonbaar leid"}}, {"type": "Feature", "geometry": {"type": "Point", "coordinates": [-2.3302034850649314, -7.528506699597675]}, "properties": {"argument_id": 1840, "document_id": 5605, "nearest_cluster_id": 367, "nearest_cluster_name": "Beraadtermijn", "nearest_cluster_distance": 0.0094, "document_cluster_id": null, "distance_to_own_document": null, "lands_in_own_document_cluster": null, "meta": "contra, FVD", "quote_snippet": "We zien dat in Nederland door het afschaffen van de bedenktijd en het toegankelijk maken van de abortuspil bij de huisarts het aantal abortussen de afgelopen jaren fundamenteel is gestegen."}}, {"type": "Feature", "geometry": {"type": "Point", "coordinates": [-2.330225056721685, -7.498074109322936]}, "properties": {"argument_id": 1854, "document_id": 5606, "nearest_cluster_id": 367, "nearest_cluster_name": "Beraadtermijn", "nearest_cluster_distance": 0.0154, "document_cluster_id": null, "distance_to_own_document": null, "lands_in_own_document_cluster": null, "meta": "pro, D66", "quote_snippet": "Ik ga alleen op dat laatste in, namelijk op de onwaarheid dat het aantal abortussen in Nederland de laatste jaren zou toenemen vanwege de bedenktermijn en de abortuspil. Die abortuspil wordt pas sinds"}}, {"type": "Feature", "geometry": {"type": "Point", "coordinates": [-2.051332297108895, -7.54440025636248]}, "properties": {"argument_id": 1841, "document_id": 5611, "nearest_cluster_id": 69, "nearest_cluster_name": "Abortus", "nearest_cluster_distance": 0.0534, "document_cluster_id": null, "distance_to_own_document": null, "lands_in_own_document_cluster": null, "meta": "pro, D66", "quote_snippet": "We weten allang dat het ondergronds gaat als je het verbiedt, met grote gevolgen voor vrouwen. In dertien staten in Amerika is abortus nu verboden. 160.000 vrouwen per jaar moeten de staatsgrens over "}}, {"type": "Feature", "geometry": {"type": "Point", "coordinates": [11.87915227984961, -9.618857857276671]}, "properties": {"argument_id": 1855, "document_id": 5613, "nearest_cluster_id": 1594, "nearest_cluster_name": "Discriminatie", "nearest_cluster_distance": 0.0271, "document_cluster_id": null, "distance_to_own_document": null, "lands_in_own_document_cluster": null, "meta": "pro, D66", "quote_snippet": "Meneer Kahraman, opkomen voor vrouwenrechten is nooit polariserend. Nooit! Het zou ons als land sieren om dat te blijven doen, want Nederland heeft dat eerder gedaan, of om dat opnieuw te gaan doen en"}}, {"type": "Feature", "geometry": {"type": "Point", "coordinates": [-1.7294112728252717, -7.747700172170353]}, "properties": {"argument_id": 1856, "document_id": 5613, "nearest_cluster_id": 69, "nearest_cluster_name": "Abortus", "nearest_cluster_distance": 0.0993, "document_cluster_id": null, "distance_to_own_document": null, "lands_in_own_document_cluster": null, "meta": "pro, D66", "quote_snippet": "Het Europees Parlement heeft zich namelijk uitgesproken voor het vastleggen van het recht op abortus in de Handvest van de grondrechten van de Europese Unie."}}, {"type": "Feature", "geometry": {"type": "Point", "coordinates": [3.272224221083772, 13.299732098077515]}, "properties": {"argument_id": 1857, "document_id": 5613, "nearest_cluster_id": 1950, "nearest_cluster_name": "Overleg", "nearest_cluster_distance": 0.1794, "document_cluster_id": null, "distance_to_own_document": null, "lands_in_own_document_cluster": null, "meta": "pro, D66", "quote_snippet": "Dit sluit ook aan bij bestaande internationale verdragen en resoluties, waarin het recht op gezondheid en lichamelijke integriteit juist is vastgelegd."}}, {"type": "Feature", "geometry": {"type": "Point", "coordinates": [6.455282764052013, 18.307132225910454]}, "properties": {"argument_id": 1858, "document_id": 5613, "nearest_cluster_id": 1003, "nearest_cluster_name": "Handhaving", "nearest_cluster_distance": 0.0411, "document_cluster_id": null, "distance_to_own_document": null, "lands_in_own_document_cluster": null, "meta": "pro, D66", "quote_snippet": "Wat mij betreft gaat het daarbij dus ook niet om het opleggen van een Westers idee, maar om het beschermen van universele mensenrechten, zoals het recht om niet te hoeven sterven."}}, {"type": "Feature", "geometry": {"type": "Point", "coordinates": [-1.8521971430657709, -7.651772615499066]}, "properties": {"argument_id": 1859, "document_id": 5613, "nearest_cluster_id": 69, "nearest_cluster_name": "Abortus", "nearest_cluster_distance": 0.0727, "document_cluster_id": null, "distance_to_own_document": null, "lands_in_own_document_cluster": null, "meta": "pro, D66", "quote_snippet": "Het gaat namelijk om het recht van vrouwen om zelf te kiezen, ook als ze ervoor kiezen om geen abortus te ondergaan."}}, {"type": "Feature", "geometry": {"type": "Point", "coordinates": [-2.2029474881749724, -7.643596928406704]}, "properties": {"argument_id": 1860, "document_id": 5613, "nearest_cluster_id": 367, "nearest_cluster_name": "Beraadtermijn", "nearest_cluster_distance": 0.0311, "document_cluster_id": null, "distance_to_own_document": null, "lands_in_own_document_cluster": null, "meta": "pro, D66", "quote_snippet": "Ik zou willen dat abortus nergens meer illegaal is, zodat vrouwen wereldwijd toegang hebben tot levensreddende zorg."}}, {"type": "Feature", "geometry": {"type": "Point", "coordinates": [10.37328765260947, -13.679473868907003]}, "properties": {"argument_id": 1861, "document_id": 5613, "nearest_cluster_id": 718, "nearest_cluster_name": "Integratie", "nearest_cluster_distance": 0.1282, "document_cluster_id": null, "distance_to_own_document": null, "lands_in_own_document_cluster": null, "meta": "pro, D66", "quote_snippet": "Er zijn ook organisaties die opkomen voor geloofsvrijheid in landen waar het niet legaal is om christen te zijn. Die organisaties steunen wij ook. Dus ik wil daar geen onderscheid in maken. Dat zou ik"}}, {"type": "Feature", "geometry": {"type": "Point", "coordinates": [-2.072558807354266, -7.377663561965457]}, "properties": {"argument_id": 1862, "document_id": 5613, "nearest_cluster_id": 69, "nearest_cluster_name": "Abortus", "nearest_cluster_distance": 0.03, "document_cluster_id": null, "distance_to_own_document": null, "lands_in_own_document_cluster": null, "meta": "pro, D66", "quote_snippet": "We moeten \u00e9n aan preventie werken \u00e9n aan seksuele voorlichting \u00e9n aan gratis anticonceptie. We hebben samen veel ge\u00efnvesteerd in Kansrijke Start. Laten we dat, mogelijk in een andere samenstelling, in"}}, {"type": "Feature", "geometry": {"type": "Point", "coordinates": [-2.1943068412198503, -7.660052443510362]}, "properties": {"argument_id": 1842, "document_id": 5618, "nearest_cluster_id": 367, "nearest_cluster_name": "Beraadtermijn", "nearest_cluster_distance": 0.0341, "document_cluster_id": null, "distance_to_own_document": null, "lands_in_own_document_cluster": null, "meta": "pro, VVD", "quote_snippet": "Onveilige abortus is een belangrijke oorzaak voor moedersterfte. Jaarlijks overlijden er meer dan tienduizenden vrouwen aan de gevolgen van een onveilige abortus. Bijna de helft van de abortussen were"}}, {"type": "Feature", "geometry": {"type": "Point", "coordinates": [21.179956646596892, -14.06834516032272]}, "properties": {"argument_id": 1843, "document_id": 5618, "nearest_cluster_id": 813, "nearest_cluster_name": "Europese samenwerking", "nearest_cluster_distance": 0.0131, "document_cluster_id": null, "distance_to_own_document": null, "lands_in_own_document_cluster": null, "meta": "contra, VVD", "quote_snippet": "Ik begrijp dat de initiatiefnemers dit onderwerp verder willen brengen, maar ik moet daar wel enigszins de verwachtingen temperen. Voor het wijzigen van het EU-Handvest is een verdragswijziging nodig "}}, {"type": "Feature", "geometry": {"type": "Point", "coordinates": [21.318954815312967, -17.177291495063326]}, "properties": {"argument_id": 1844, "document_id": 5643, "nearest_cluster_id": 2196, "nearest_cluster_name": "Orb\u00e1n", "nearest_cluster_distance": 0.0444, "document_cluster_id": null, "distance_to_own_document": null, "lands_in_own_document_cluster": null, "meta": "pro, VVD", "quote_snippet": "De humanitaire inzet van Nederland is niet geraakt door de bezuinigingsmaatregelen. De Nederlandse inzet in humanitaire nood- en conflictsituaties blijft gericht op het aanbieden van dit belangrijke p"}}, {"type": "Feature", "geometry": {"type": "Point", "coordinates": [29.371069449783697, 7.48316705970284]}, "properties": {"argument_id": 1845, "document_id": 5645, "nearest_cluster_id": 429, "nearest_cluster_name": "Zorgbeleid", "nearest_cluster_distance": 0.0141, "document_cluster_id": null, "distance_to_own_document": null, "lands_in_own_document_cluster": null, "meta": "pro, VVD", "quote_snippet": "Het is heel belangrijk om de zorgvuldigheid, kwaliteit en toegankelijkheid van deze zorg in Nederland te behouden."}}, {"type": "Feature", "geometry": {"type": "Point", "coordinates": [-0.7953465511481859, -8.159980163965452]}, "properties": {"argument_id": 1846, "document_id": 5645, "nearest_cluster_id": 2391, "nearest_cluster_name": "Bufferzones", "nearest_cluster_distance": 0.0921, "document_cluster_id": null, "distance_to_own_document": null, "lands_in_own_document_cluster": null, "meta": "pro, VVD", "quote_snippet": "Laat ik zeggen dat vrijheid mijn belangrijkste motto in het leven is. Dat geldt voor de vrijheid van het individu, daarmee voor de vrijheid van vrouwen, voor de vrijheid van meningsuiting en voor het "}}, {"type": "Feature", "geometry": {"type": "Point", "coordinates": [-2.1273723871647205, -7.542585875762653]}, "properties": {"argument_id": 1847, "document_id": 5645, "nearest_cluster_id": 367, "nearest_cluster_name": "Beraadtermijn", "nearest_cluster_distance": 0.0432, "document_cluster_id": null, "distance_to_own_document": null, "lands_in_own_document_cluster": null, "meta": "pro, VVD", "quote_snippet": "Als iemand woont of werkt in Nederland \u2014 je hoeft niet per se een Nederlands paspoort te hebben \u2014 is die persoon via de Wet langdurige zorg verzekerd voor de toegang tot abortuszorg. Daarnaast hebben "}}, {"type": "Feature", "geometry": {"type": "Point", "coordinates": [-1.8367973769945753, -7.255973161566689]}, "properties": {"argument_id": 1848, "document_id": 5649, "nearest_cluster_id": 799, "nearest_cluster_name": "Anticonceptie", "nearest_cluster_distance": 0.0202, "document_cluster_id": null, "distance_to_own_document": null, "lands_in_own_document_cluster": null, "meta": "pro, SP", "quote_snippet": "Toen heb ik ook aangegeven dat er verschillende abortusklinieken zijn die zeiden dat ze niet uitkomen met de financiering. Zij zeggen dat als ze zorg willen geven aan onverzekerden, dat maar in bepaal"}}, {"type": "Feature", "geometry": {"type": "Point", "coordinates": [-1.8055040935976057, -7.223368788706467]}, "properties": {"argument_id": 1863, "document_id": 5660, "nearest_cluster_id": 799, "nearest_cluster_name": "Anticonceptie", "nearest_cluster_distance": 0.0267, "document_cluster_id": null, "distance_to_own_document": null, "lands_in_own_document_cluster": null, "meta": "pro, VVD", "quote_snippet": "Er werd gezegd dat Kansrijke Start is afgeschaft. Dat is niet waar. We hebben jaarlijks structureel ongeveer 18 miljoen voor het programma Kansrijke Start. Daarbij hebben we nog enkele miljoenen voor "}}, {"type": "Feature", "geometry": {"type": "Point", "coordinates": [-2.61991562896494, -7.525094181151551]}, "properties": {"argument_id": 1864, "document_id": 5662, "nearest_cluster_id": 367, "nearest_cluster_name": "Beraadtermijn", "nearest_cluster_distance": 0.0561, "document_cluster_id": null, "distance_to_own_document": null, "lands_in_own_document_cluster": null, "meta": "contra, ChristenUnie", "quote_snippet": "Het moge duidelijk zijn: voor de ChristenUnie is ook de waarde van het ongeboren leven belangrijk. Daarom wegen wij dit onderwerp anders dan de initiatiefnemer."}}, {"type": "Feature", "geometry": {"type": "Point", "coordinates": [-2.3485178216485902, -7.614728075183861]}, "properties": {"argument_id": 1865, "document_id": 5662, "nearest_cluster_id": 367, "nearest_cluster_name": "Beraadtermijn", "nearest_cluster_distance": 0.0083, "document_cluster_id": null, "distance_to_own_document": null, "lands_in_own_document_cluster": null, "meta": "contra, ChristenUnie", "quote_snippet": "Daarbij wil ik gezegd hebben dat in landen waar abortus momenteel meer dan voorheen wordt beperkt, het wel lijkt of de waarde van het leven ook als het geboren is er niet toe doet, omdat er niet ge\u00efnv"}}, {"type": "Feature", "geometry": {"type": "Point", "coordinates": [-1.7818663514973518, -7.749795930110588]}, "properties": {"argument_id": 1866, "document_id": 5677, "nearest_cluster_id": 69, "nearest_cluster_name": "Abortus", "nearest_cluster_distance": 0.0956, "document_cluster_id": null, "distance_to_own_document": null, "lands_in_own_document_cluster": null, "meta": "contra, NSC", "quote_snippet": "Wij achten het echt onwenselijk om het recht op abortus nu wereldwijd te proberen te forceren, omdat wij echt van mening zijn dat we meer met voorlichting moeten acteren dan dat we proberen landen met"}}, {"type": "Feature", "geometry": {"type": "Point", "coordinates": [-2.2935652244946136, -7.523063558055245]}, "properties": {"argument_id": 1867, "document_id": 5679, "nearest_cluster_id": 367, "nearest_cluster_name": "Beraadtermijn", "nearest_cluster_distance": 0.0141, "document_cluster_id": null, "distance_to_own_document": null, "lands_in_own_document_cluster": null, "meta": "contra, FVD", "quote_snippet": "Geen enkel land in de EU kent zo'n ongekend lange abortustermijn; in de meeste landen om ons heen geldt een termijn van tien of twaalf weken."}}, {"type": "Feature", "geometry": {"type": "Point", "coordinates": [-2.368828734907315, -7.5074573463671666]}, "properties": {"argument_id": 1868, "document_id": 5679, "nearest_cluster_id": 367, "nearest_cluster_name": "Beraadtermijn", "nearest_cluster_distance": 0.0143, "document_cluster_id": null, "distance_to_own_document": null, "lands_in_own_document_cluster": null, "meta": "contra, FVD", "quote_snippet": "Waar hebben we het dan over? In ieder geval niet over klompjes cellen, maar over baby'tjes waar alles al op en aan zit, baby'tjes die op barbaarse wijze, met een grote abortustang, aan stukken worden "}}, {"type": "Feature", "geometry": {"type": "Point", "coordinates": [23.71079614762531, -9.84303232634874]}, "properties": {"argument_id": 1869, "document_id": 5685, "nearest_cluster_id": 2198, "nearest_cluster_name": "Nationale koppen", "nearest_cluster_distance": 0.1723, "document_cluster_id": null, "distance_to_own_document": null, "lands_in_own_document_cluster": null, "meta": "pro, GroenLinks-PvdA", "quote_snippet": "Toch hoor ik dat de bezuinigingen doorgaan en dat vind ik teleurstellend, ook omdat het een trend bevestigt die we in de hele wereld zien, waarbij vrouwenrechten op de tocht worden gezet en met name h"}}, {"type": "Feature", "geometry": {"type": "Point", "coordinates": [28.21741724661049, 15.81740256519185]}, "properties": {"argument_id": 1870, "document_id": 5689, "nearest_cluster_id": 471, "nearest_cluster_name": "Motiebeoordeling", "nearest_cluster_distance": 0.0607, "document_cluster_id": null, "distance_to_own_document": null, "lands_in_own_document_cluster": null, "meta": "contra, VVD", "quote_snippet": "Ik begin met de motie op stuk nr. 7, van mevrouw Bikker, waarin de regering wordt verzocht om expliciet tot doel te stellen om het aantal abortussen te verminderen. Die ontraad ik, omdat we op een vee"}}, {"type": "Feature", "geometry": {"type": "Point", "coordinates": [27.017270932581397, 17.379087958551544]}, "properties": {"argument_id": 1871, "document_id": 5689, "nearest_cluster_id": 777, "nearest_cluster_name": "Motiebehandeling", "nearest_cluster_distance": 0.0149, "document_cluster_id": null, "distance_to_own_document": null, "lands_in_own_document_cluster": null, "meta": "pro, VVD", "quote_snippet": "De motie-Stoffer c.s. op stuk nr. 9 verzoekt ons om ons actief te verzetten tegen pogingen om abortus als mensenrecht op te nemen in Europese verdragen. Dat is de andere kant van de tribune dan waar w"}}, {"type": "Feature", "geometry": {"type": "Point", "coordinates": [-2.0274908226948587, -7.356343850414856]}, "properties": {"argument_id": 1872, "document_id": 5689, "nearest_cluster_id": 69, "nearest_cluster_name": "Abortus", "nearest_cluster_distance": 0.0201, "document_cluster_id": null, "distance_to_own_document": null, "lands_in_own_document_cluster": null, "meta": "pro, VVD", "quote_snippet": "De motie-Paternotte c.s. op stuk nr. 10 verzoekt ervoor te pleiten dat het recht op abortus in het EU-Handvest en het IVBPR wordt vastgelegd. Ik kan deze motie oordeel Kamer geven, omdat daarin de woo"}}, {"type": "Feature", "geometry": {"type": "Point", "coordinates": [27.58125470784746, 18.109977130684666]}, "properties": {"argument_id": 1873, "document_id": 5689, "nearest_cluster_id": 652, "nearest_cluster_name": "Moties", "nearest_cluster_distance": 0.056, "document_cluster_id": null, "distance_to_own_document": null, "lands_in_own_document_cluster": null, "meta": "contra, VVD", "quote_snippet": "De motie op stuk nr. 13 van mevrouw Dobbe gaat over het terugdraaien van de bezuinigingen op vrouwenrechten en SRGR. Die moet ik ontraden. Er is ook geen dekking voor."}}, {"type": "Feature", "geometry": {"type": "Point", "coordinates": [-1.5558217540797046, -6.930353010619062]}, "properties": {"argument_id": 1874, "document_id": 5706, "nearest_cluster_id": 799, "nearest_cluster_name": "Anticonceptie", "nearest_cluster_distance": 0.0988, "document_cluster_id": null, "distance_to_own_document": null, "lands_in_own_document_cluster": null, "meta": "pro, VVD", "quote_snippet": "Het mooie van de aanpakken die we hebben, zowel Kansrijke Start als de Aanpak onbedoelde en ongewenste zwangerschappen, is dat het multidisciplinaire programma's zijn. Er wordt niet gezegd: het komt h"}}, {"type": "Feature", "geometry": {"type": "Point", "coordinates": [-2.0172418888862316, -7.459173916426541]}, "properties": {"argument_id": 1875, "document_id": 5711, "nearest_cluster_id": 69, "nearest_cluster_name": "Abortus", "nearest_cluster_distance": 0.035, "document_cluster_id": null, "distance_to_own_document": null, "lands_in_own_document_cluster": null, "meta": "contra, VVD", "quote_snippet": "In de motie op stuk nr. 12 wordt verzocht om met een regeling te komen voor reproductieve gezondheidszorg, inclusief abortus, voor alle onverzekerden. Die moet ik ontraden. Zoals ik net al uiteenzette"}}, {"type": "Feature", "geometry": {"type": "Point", "coordinates": [27.726163510513974, 16.740151725131692]}, "properties": {"argument_id": 1876, "document_id": 5717, "nearest_cluster_id": 353, "nearest_cluster_name": "Motieoordeel", "nearest_cluster_distance": 0.0632, "document_cluster_id": null, "distance_to_own_document": null, "lands_in_own_document_cluster": null, "meta": "contra, VVD", "quote_snippet": "Ik ga naar de motie op stuk nr. 14 van de heer Van Meijeren. Die ontraad ik. We gaan niet per A4'tje de zorgvuldig tot stand gekomen wetgeving op het gebied van medische ethiek veranderen, iets anders"}}, {"type": "Feature", "geometry": {"type": "Point", "coordinates": [-2.185594288742217, -7.626059784816912]}, "properties": {"argument_id": 1877, "document_id": 5721, "nearest_cluster_id": 367, "nearest_cluster_name": "Beraadtermijn", "nearest_cluster_distance": 0.0329, "document_cluster_id": 69, "distance_to_own_document": 0.0191, "lands_in_own_document_cluster": false, "meta": "contra, SGP", "quote_snippet": "Als wij het in ons voorstellingsvermogen niet kunnen verdragen dat bij abortus het leven van een kindje wordt afgebroken, is het dan niet de hoogste tijd dat we stoppen met abortus in plaats van dat w"}}, {"type": "Feature", "geometry": {"type": "Point", "coordinates": [-2.1096069294028994, -7.598754329556609]}, "properties": {"argument_id": 1878, "document_id": 5721, "nearest_cluster_id": 367, "nearest_cluster_name": "Beraadtermijn", "nearest_cluster_distance": 0.0466, "document_cluster_id": 69, "distance_to_own_document": 0.0211, "lands_in_own_document_cluster": false, "meta": "contra, SGP", "quote_snippet": "De SGP ziet deze verdrietige werkelijkheid w\u00e9l onder ogen en verwacht dat het kabinet in actie komt om de explosief stijgende abortuscijfers terug te dringen. Wij missen de urgentie bij het kabinet en"}}, {"type": "Feature", "geometry": {"type": "Point", "coordinates": [-1.680366912770983, -7.336926385405211]}, "properties": {"argument_id": 1879, "document_id": 5722, "nearest_cluster_id": 69, "nearest_cluster_name": "Abortus", "nearest_cluster_distance": 0.0528, "document_cluster_id": -1, "distance_to_own_document": 5.4031, "lands_in_own_document_cluster": false, "meta": "contra, SGP", "quote_snippet": "Er worden miljoenen extra gereserveerd om de stijging van het aantal abortus te kunnen financieren, maar er gaat geen cent extra naar hulp voor onbedoeld zwangere vrouwen. Ik doe een klemmend beroep o"}}, {"type": "Feature", "geometry": {"type": "Point", "coordinates": [-2.4365877056205765, -7.627655143039686]}, "properties": {"argument_id": 1880, "document_id": 5723, "nearest_cluster_id": 367, "nearest_cluster_name": "Beraadtermijn", "nearest_cluster_distance": 0.0216, "document_cluster_id": 69, "distance_to_own_document": 0.0627, "lands_in_own_document_cluster": false, "meta": "pro, GroenLinks-PvdA", "quote_snippet": "Abortuszorg is geen impulsieve keuze. Een verplichte beraadtermijn kan juist stress opleveren en voor logistieke en financi\u00eble belemmeringen zorgen, namelijk met betrekking tot het reizen naar de zorg"}}, {"type": "Feature", "geometry": {"type": "Point", "coordinates": [-1.6451020476806328, -6.750986896809662]}, "properties": {"argument_id": 1881, "document_id": 5723, "nearest_cluster_id": 799, "nearest_cluster_name": "Anticonceptie", "nearest_cluster_distance": 0.1149, "document_cluster_id": 69, "distance_to_own_document": 0.1795, "lands_in_own_document_cluster": false, "meta": "pro, GroenLinks-PvdA", "quote_snippet": "Zet mensen ook nog meer in hun kracht door goede voorlichting en toegang tot goede anticonceptiezorg"}}, {"type": "Feature", "geometry": {"type": "Point", "coordinates": [-2.0537147667547733, -7.355324063778872]}, "properties": {"argument_id": 1882, "document_id": 5724, "nearest_cluster_id": 69, "nearest_cluster_name": "Abortus", "nearest_cluster_distance": 0.0245, "document_cluster_id": 799, "distance_to_own_document": 0.0449, "lands_in_own_document_cluster": false, "meta": "pro, SP", "quote_snippet": "Anticonceptie is goed voor de seksuele gezondheid, goed voor de zelfbeschikking van vrouwen \u2014 daar hebben we het de vorige keer ook over gehad \u2014 en goedkoper dan de gevolgen van een ongewenste zwanger"}}, {"type": "Feature", "geometry": {"type": "Point", "coordinates": [26.83683121439124, 3.2061233904379054]}, "properties": {"argument_id": 1883, "document_id": 5724, "nearest_cluster_id": 845, "nearest_cluster_name": "Gemeentefinanciering", "nearest_cluster_distance": 0.0418, "document_cluster_id": 799, "distance_to_own_document": 6.0765, "lands_in_own_document_cluster": false, "meta": "pro, SP", "quote_snippet": "Ik weet bijvoorbeeld dat in Arnhem wordt aangekondigd dat er in 2026 fors wordt bezuinigd op de programma's omtrent seksuele gezondheid; die worden namelijk gehalveerd. Dus mijn vraag is ... Ja, dat i"}}, {"type": "Feature", "geometry": {"type": "Point", "coordinates": [25.955245539893742, 2.3815213918717624]}, "properties": {"argument_id": 1884, "document_id": 5724, "nearest_cluster_id": 153, "nearest_cluster_name": "Gemeentefinanci\u00ebn", "nearest_cluster_distance": 0.0217, "document_cluster_id": 799, "distance_to_own_document": 5.8561, "lands_in_own_document_cluster": false, "meta": "pro, SP", "quote_snippet": "Wij hebben in de tussentijd met abortusartsen gebeld en zij zeggen dat die buffers er niet zijn. Extra geld gaat op aan andere dingen. Dit is afhankelijk van liefdadigheid."}}, {"type": "Feature", "geometry": {"type": "Point", "coordinates": [-2.014432779806785, -7.272998362689488]}, "properties": {"argument_id": 1885, "document_id": 5726, "nearest_cluster_id": 69, "nearest_cluster_name": "Abortus", "nearest_cluster_distance": 0.0152, "document_cluster_id": 799, "distance_to_own_document": 0.0153, "lands_in_own_document_cluster": false, "meta": "contra, VVD", "quote_snippet": "Daarover kan ik zeggen dat er slechts een kleine groep is voor wie de kosten een barri\u00e8re vormen voor het gebruik van anticonceptie."}}, {"type": "Feature", "geometry": {"type": "Point", "coordinates": [-2.042907366721307, -7.2471588620388125]}, "properties": {"argument_id": 1886, "document_id": 5726, "nearest_cluster_id": 799, "nearest_cluster_name": "Anticonceptie", "nearest_cluster_distance": 0.0209, "document_cluster_id": 799, "distance_to_own_document": 0.0176, "lands_in_own_document_cluster": true, "meta": "contra, VVD", "quote_snippet": "Als die jonge doelgroep zou worden verbreed naar alle vrouwen in de vruchtbare leeftijd, kost dat 25 miljoen euro per jaar. Dat was een specifieke vraag van mevrouw Dobbe. In deze berekening is ervan "}}, {"type": "Feature", "geometry": {"type": "Point", "coordinates": [-1.9682838154589566, -7.242211689836375]}, "properties": {"argument_id": 1887, "document_id": 5726, "nearest_cluster_id": 799, "nearest_cluster_name": "Anticonceptie", "nearest_cluster_distance": 0.0061, "document_cluster_id": 799, "distance_to_own_document": 0.0047, "lands_in_own_document_cluster": true, "meta": "contra, VVD", "quote_snippet": "Er zijn geen betrouwbare onderzoeken bekend die laten zien dat het gratis maken van condooms het daadwerkelijke gebruik daarvan verhoogt. U kunt zich voorstellen dat de onzekerheden die ik hier benoem"}}, {"type": "Feature", "geometry": {"type": "Point", "coordinates": [-1.3894371686897815, -6.7965116720051535]}, "properties": {"argument_id": 1888, "document_id": 5726, "nearest_cluster_id": 799, "nearest_cluster_name": "Anticonceptie", "nearest_cluster_distance": 0.1414, "document_cluster_id": 799, "distance_to_own_document": 0.1416, "lands_in_own_document_cluster": true, "meta": "contra, VVD", "quote_snippet": "Tot slot wil ik opmerken dat ik de ambitie van de Kamer deel om het condoomgebruik, het anticonceptiegebruik te stimuleren, zoals de heer Kops ook zei. Daarom heb ik het RIVM de opdracht gegeven om in"}}, {"type": "Feature", "geometry": {"type": "Point", "coordinates": [-1.924601210533269, -7.443005642378365]}, "properties": {"argument_id": 1889, "document_id": 5729, "nearest_cluster_id": 69, "nearest_cluster_name": "Abortus", "nearest_cluster_distance": 0.0288, "document_cluster_id": 69, "distance_to_own_document": 0.2175, "lands_in_own_document_cluster": true, "meta": "pro, VVD", "quote_snippet": "Mevrouw Dobbe had een aantal artsen gesproken die zeiden: wij hebben helemaal geen financi\u00eble buffer. Dat zou natuurlijk kunnen, maar er zijn wel degelijk heel veel klinieken die wel een flinke financ"}}, {"type": "Feature", "geometry": {"type": "Point", "coordinates": [-2.0402540529406354, -7.428661661388708]}, "properties": {"argument_id": 1890, "document_id": 5730, "nearest_cluster_id": 69, "nearest_cluster_name": "Abortus", "nearest_cluster_distance": 0.0321, "document_cluster_id": 69, "distance_to_own_document": 0.0204, "lands_in_own_document_cluster": true, "meta": "contra, SP", "quote_snippet": "Feit is dat er vrouwen zijn die niet verzekerd zijn maar die wel in Nederland wonen, leven, zwanger worden en misschien een kindje moeten voldragen. Ze doen dan ook de geboorte in Nederland en hebben "}}, {"type": "Feature", "geometry": {"type": "Point", "coordinates": [-1.9795562045379966, -7.446674440248114]}, "properties": {"argument_id": 1891, "document_id": 5731, "nearest_cluster_id": 69, "nearest_cluster_name": "Abortus", "nearest_cluster_distance": 0.0301, "document_cluster_id": 69, "distance_to_own_document": 0.0235, "lands_in_own_document_cluster": true, "meta": "contra, VVD", "quote_snippet": "We hebben afgesproken dat het gewoon vergoed wordt als je in Nederland woont of werkt. Dan betaal je zorgpremie en wordt het vergoed. In echt schrijnende gevallen, bijvoorbeeld bij ongedocumenteerde v"}}, {"type": "Feature", "geometry": {"type": "Point", "coordinates": [-2.2950584625121, -7.608468616636152]}, "properties": {"argument_id": 1892, "document_id": 5736, "nearest_cluster_id": 367, "nearest_cluster_name": "Beraadtermijn", "nearest_cluster_distance": 0.0117, "document_cluster_id": 69, "distance_to_own_document": 0.0341, "lands_in_own_document_cluster": false, "meta": "contra, FVD", "quote_snippet": "De wet bevat geen recht op abortus, maar beschrijft de uitzonderingsgevallen waarin het plegen van abortus niet strafbaar is. Daarvoor moet aan strikte voorwaarden zijn voldaan: de arts is verplicht o"}}, {"type": "Feature", "geometry": {"type": "Point", "coordinates": [-2.728713478226218, -7.984229110735942]}, "properties": {"argument_id": 1893, "document_id": 5736, "nearest_cluster_id": 367, "nearest_cluster_name": "Beraadtermijn", "nearest_cluster_distance": 0.1127, "document_cluster_id": 69, "distance_to_own_document": 0.1041, "lands_in_own_document_cluster": false, "meta": "contra, FVD", "quote_snippet": "Het online verstrekken van abortuspillen in strijd is met zowel de Geneesmiddelenwet als de Wet afbreking zwangerschap. Het online verstrekken van de abortuspil, in strijd met de Geneesmiddelenwet, is"}}, {"type": "Feature", "geometry": {"type": "Point", "coordinates": [-2.1617767828356844, -7.492631886185088]}, "properties": {"argument_id": 1894, "document_id": 5736, "nearest_cluster_id": 367, "nearest_cluster_name": "Beraadtermijn", "nearest_cluster_distance": 0.0395, "document_cluster_id": 69, "distance_to_own_document": 0.0589, "lands_in_own_document_cluster": false, "meta": "contra, FVD", "quote_snippet": "we zouden het toch met elkaar eens moeten zijn dat de wet zoals die op dit moment luidt in ieder geval gehandhaafd moet worden en dat criminele abortuscowboys die alle regels aan hun laars lappen keih"}}, {"type": "Feature", "geometry": {"type": "Point", "coordinates": [-2.573737902408107, -7.822736154559539]}, "properties": {"argument_id": 1895, "document_id": 5737, "nearest_cluster_id": 367, "nearest_cluster_name": "Beraadtermijn", "nearest_cluster_distance": 0.0679, "document_cluster_id": 8, "distance_to_own_document": 7.5119, "lands_in_own_document_cluster": false, "meta": "pro, VVD", "quote_snippet": "De heer Van Meijeren wekte namelijk de indruk dat huisartsen, in het geval van de abortuspil bij de huisarts, of artsen die werken in abortusklinieken, hun werk onzorgvuldig zouden doen. We hebben zor"}}, {"type": "Feature", "geometry": {"type": "Point", "coordinates": [-2.226117844378902, -7.524268967843721]}, "properties": {"argument_id": 1896, "document_id": 5737, "nearest_cluster_id": 367, "nearest_cluster_name": "Beraadtermijn", "nearest_cluster_distance": 0.0252, "document_cluster_id": 8, "distance_to_own_document": 7.4233, "lands_in_own_document_cluster": false, "meta": "pro, VVD", "quote_snippet": "Voorzitter. Dat gezegd hebbend, betekent dit wel dat als we een wet hebben en als we afspraken hebben, die ook moeten worden gehandhaafd. De IGJ ziet daarop toe en kijkt daar nu ook naar in het kader "}}, {"type": "Feature", "geometry": {"type": "Point", "coordinates": [-2.1963513549099254, -7.5167336722668185]}, "properties": {"argument_id": 1897, "document_id": 5738, "nearest_cluster_id": 367, "nearest_cluster_name": "Beraadtermijn", "nearest_cluster_distance": 0.0312, "document_cluster_id": 69, "distance_to_own_document": 0.0642, "lands_in_own_document_cluster": false, "meta": "contra, FVD", "quote_snippet": "Als je kijkt naar de eerste wetsevaluatie uit 2005, dan zie je dat daaruit blijkt dat 57% van de abortusartsen geen voorlichting geeft over alternatieve oplossingen van de eventuele noodsituatie. Dat "}}, {"type": "Feature", "geometry": {"type": "Point", "coordinates": [-2.5384562593625035, -7.746423475079721]}, "properties": {"argument_id": 1898, "document_id": 5738, "nearest_cluster_id": 367, "nearest_cluster_name": "Beraadtermijn", "nearest_cluster_distance": 0.0522, "document_cluster_id": 69, "distance_to_own_document": 0.0942, "lands_in_own_document_cluster": false, "meta": "contra, FVD", "quote_snippet": "En als het dan gaat over dat initiatief Thuisabortus.nl: daar hoeft \u00fcberhaupt geen gesprek plaats te vinden, ook niet via een beeldscherm. Het invullen van een formuliertje is genoeg. Dat is direct in"}}, {"type": "Feature", "geometry": {"type": "Point", "coordinates": [22.484485810805058, 9.39303295292348]}, "properties": {"argument_id": 1899, "document_id": 5739, "nearest_cluster_id": 175, "nearest_cluster_name": "Toezeggingen", "nearest_cluster_distance": 0.2009, "document_cluster_id": -1, "distance_to_own_document": 0.6816, "lands_in_own_document_cluster": false, "meta": "contra, FVD", "quote_snippet": "Het is zo dat het structureel gebeurt dat wettelijke voorschriften niet worden nageleefd. Dat blijkt uit evaluaties en de inspectie kan daartegen optreden, maar dat gebeurt niet, al 40 jaar niet, en d"}}, {"type": "Feature", "geometry": {"type": "Point", "coordinates": [-1.9461201365701863, -7.768497350294095]}, "properties": {"argument_id": 1900, "document_id": 5745, "nearest_cluster_id": 367, "nearest_cluster_name": "Beraadtermijn", "nearest_cluster_distance": 0.088, "document_cluster_id": null, "distance_to_own_document": null, "lands_in_own_document_cluster": null, "meta": "pro, VVD", "quote_snippet": "Het is onbegrijpelijk dat vrouwen niet het recht hebben om met alle zorgvuldigheid omkleed zelf over hun eigen lijf en leven te beslissen. Wat de VVD betreft, geldt dat recht voor alle vrouwen, in ons"}}, {"type": "Feature", "geometry": {"type": "Point", "coordinates": [-2.509176330595854, -7.697721744922544]}, "properties": {"argument_id": 1901, "document_id": 5745, "nearest_cluster_id": 367, "nearest_cluster_name": "Beraadtermijn", "nearest_cluster_distance": 0.0414, "document_cluster_id": null, "distance_to_own_document": null, "lands_in_own_document_cluster": null, "meta": "contra, VVD", "quote_snippet": "Toch is onze fractie daar kritisch op, want abortuszorg is meer dan het toedienen van medicatie. Het begint voordat de abortuspil wordt voorgeschreven met een consult waarin over de ingrijpende beslis"}}, {"type": "Feature", "geometry": {"type": "Point", "coordinates": [-1.8302276090877818, -7.364085940174806]}, "properties": {"argument_id": 1902, "document_id": 5745, "nearest_cluster_id": 69, "nearest_cluster_name": "Abortus", "nearest_cluster_distance": 0.0258, "document_cluster_id": null, "distance_to_own_document": null, "lands_in_own_document_cluster": null, "meta": "contra, VVD", "quote_snippet": "Het kabinet waarschuwt voor de veiligheidsrisico's van de behandelend arts en de vrouwen om wie het gaat. Ook artsen in Nederland hebben hier zorgen over, want stel dat beelden van een digitaal consul"}}, {"type": "Feature", "geometry": {"type": "Point", "coordinates": [-2.4051601985815854, -7.6788543679590635]}, "properties": {"argument_id": 1903, "document_id": 5745, "nearest_cluster_id": 367, "nearest_cluster_name": "Beraadtermijn", "nearest_cluster_distance": 0.0245, "document_cluster_id": null, "distance_to_own_document": null, "lands_in_own_document_cluster": null, "meta": "contra, VVD", "quote_snippet": "Daarnaast is er bij de behandeling kans op complicaties. Bij abortuszorg wordt niet voor niets nazorg gegeven. Ook die is bij deze zorg op afstand niet of veel lastiger mogelijk."}}, {"type": "Feature", "geometry": {"type": "Point", "coordinates": [-2.581304760227058, -7.650993633651648]}, "properties": {"argument_id": 1904, "document_id": 5745, "nearest_cluster_id": 367, "nearest_cluster_name": "Beraadtermijn", "nearest_cluster_distance": 0.05, "document_cluster_id": null, "distance_to_own_document": null, "lands_in_own_document_cluster": null, "meta": "pro, VVD", "quote_snippet": "Vanaf 2025 is de abortuspil ook verkrijgbaar bij de huisarts. Wat de VVD betreft, is dat een volgende belangrijke stap in onze wetgeving: een aanvullende zorg die huisartsen kunnen bieden."}}, {"type": "Feature", "geometry": {"type": "Point", "coordinates": [-2.0664708064482995, -7.662575807827981]}, "properties": {"argument_id": 1905, "document_id": 5745, "nearest_cluster_id": 367, "nearest_cluster_name": "Beraadtermijn", "nearest_cluster_distance": 0.0577, "document_cluster_id": null, "distance_to_own_document": null, "lands_in_own_document_cluster": null, "meta": "pro, VVD", "quote_snippet": "Het recht op abortus is een verworven recht. Het hoort bij ons land. Het hoort een recht te zijn van elke vrouw, ongeacht waar zij woont, en te worden ingevuld op een zorgvuldige, veilige manier, zoal"}}, {"type": "Feature", "geometry": {"type": "Point", "coordinates": [-2.321948731080621, -7.524685176137707]}, "properties": {"argument_id": 1906, "document_id": 5748, "nearest_cluster_id": 367, "nearest_cluster_name": "Beraadtermijn", "nearest_cluster_distance": 0.0107, "document_cluster_id": null, "distance_to_own_document": null, "lands_in_own_document_cluster": null, "meta": "contra, VVD", "quote_snippet": "Het opsturen van medicatie kan al volgens de beleidsregels, volgens de desbetreffende richtlijn. Alleen, het staat op gespannen voet met de zorgvuldigheidseisen die nu in de Wet afbreking zwangerschap"}}, {"type": "Feature", "geometry": {"type": "Point", "coordinates": [-1.832809017345942, -7.816251368979086]}, "properties": {"argument_id": 1907, "document_id": 5750, "nearest_cluster_id": 69, "nearest_cluster_name": "Abortus", "nearest_cluster_distance": 0.1057, "document_cluster_id": null, "distance_to_own_document": null, "lands_in_own_document_cluster": null, "meta": "pro, VVD", "quote_snippet": "Wij kijken naar wat wij in ons land en binnen onze wetgeving kunnen betekenen voor vrouwen die in een land wonen waar het recht op abortus er niet is of maar in beperkte mate of met hele ingewikkelde "}}, {"type": "Feature", "geometry": {"type": "Point", "coordinates": [28.455156078839245, 5.746565494014647]}, "properties": {"argument_id": 1908, "document_id": 5753, "nearest_cluster_id": 981, "nearest_cluster_name": "Zorg", "nearest_cluster_distance": 0.0638, "document_cluster_id": null, "distance_to_own_document": null, "lands_in_own_document_cluster": null, "meta": "pro, VVD", "quote_snippet": "Dat is een recht waarvan ik vind dat ze dat ook in hun eigen land zouden moeten hebben. Ik herhaal het nog maar: ik vind het ook onbegrijpelijk dat dat daar niet zo is. Maar ik heb dat te accepteren. "}}, {"type": "Feature", "geometry": {"type": "Point", "coordinates": [-2.013766455298179, -8.075640313715962]}, "properties": {"argument_id": 1909, "document_id": 5754, "nearest_cluster_id": 367, "nearest_cluster_name": "Beraadtermijn", "nearest_cluster_distance": 0.1201, "document_cluster_id": null, "distance_to_own_document": null, "lands_in_own_document_cluster": null, "meta": "contra, SGP", "quote_snippet": "Maar het gaat hier over het verstrekken van abortuspillen in landen buiten Nederland. Dat is natuurlijk wel degelijk het ondergraven van het beleid en de wetgeving die men bijvoorbeeld in Polen en Hon"}}, {"type": "Feature", "geometry": {"type": "Point", "coordinates": [-2.2181123628726307, -7.618194933390463]}, "properties": {"argument_id": 1910, "document_id": 5755, "nearest_cluster_id": 367, "nearest_cluster_name": "Beraadtermijn", "nearest_cluster_distance": 0.0263, "document_cluster_id": null, "distance_to_own_document": null, "lands_in_own_document_cluster": null, "meta": "pro, VVD", "quote_snippet": "Ik vind het onze plicht om daar alles aan te doen wat we kunnen doen binnen \u2014 dat herhaal ik wel \u2014 de zorgvuldigheidseisen die wij hier in Nederland met elkaar voor onze abortuszorg hebben afgesproken"}}, {"type": "Feature", "geometry": {"type": "Point", "coordinates": [-1.9888535885987229, -7.981461167827462]}, "properties": {"argument_id": 1911, "document_id": 5756, "nearest_cluster_id": 367, "nearest_cluster_name": "Beraadtermijn", "nearest_cluster_distance": 0.1079, "document_cluster_id": null, "distance_to_own_document": null, "lands_in_own_document_cluster": null, "meta": "contra, SGP", "quote_snippet": "Tegelijkertijd zei ik dit omdat juist mevrouw Hermans meerdere keren in haar betoog benadrukte dat we het hebben over een precair, gevoelig thema, dat gaat over leven en dood. Hoe je het ook wendt of "}}, {"type": "Feature", "geometry": {"type": "Point", "coordinates": [-1.0656106480596057, -7.740990232925547]}, "properties": {"argument_id": 1912, "document_id": 5757, "nearest_cluster_id": 2391, "nearest_cluster_name": "Bufferzones", "nearest_cluster_distance": 0.0537, "document_cluster_id": null, "distance_to_own_document": null, "lands_in_own_document_cluster": null, "meta": "pro, VVD", "quote_snippet": "Ik vind het goed dat wij dat in Nederland aanbieden en dat wij vrouwen uit landen waar dat recht niet bestaat, een beetje kunnen helpen met het recht dat vrouwen hier wel hebben."}}, {"type": "Feature", "geometry": {"type": "Point", "coordinates": [-1.8582036510462252, -7.288122456481265]}, "properties": {"argument_id": 1913, "document_id": 5760, "nearest_cluster_id": 69, "nearest_cluster_name": "Abortus", "nearest_cluster_distance": 0.0171, "document_cluster_id": null, "distance_to_own_document": null, "lands_in_own_document_cluster": null, "meta": "contra, VVD", "quote_snippet": "Uit dat gesprek kwam eigenlijk naar boven dat huisartsen zeggen: laat ons nou eerst ervaring opdoen en wennen aan het bieden van deze vorm van aanvullende zorg aan Nederlandse vrouwen, voor wie we dez"}}, {"type": "Feature", "geometry": {"type": "Point", "coordinates": [16.235359009994657, -10.548064277268319]}, "properties": {"argument_id": 1914, "document_id": 5762, "nearest_cluster_id": 164, "nearest_cluster_name": "Inburgering", "nearest_cluster_distance": 0.0211, "document_cluster_id": null, "distance_to_own_document": null, "lands_in_own_document_cluster": null, "meta": "contra, SGP", "quote_snippet": "Er bestaat in Europese of internationale verdragen geen recht op abortus. We moeten dus ook niet doen alsof dat wel bestaat."}}, {"type": "Feature", "geometry": {"type": "Point", "coordinates": [-2.033461377914057, -7.705957775557105]}, "properties": {"argument_id": 1915, "document_id": 5762, "nearest_cluster_id": 367, "nearest_cluster_name": "Beraadtermijn", "nearest_cluster_distance": 0.0669, "document_cluster_id": null, "distance_to_own_document": null, "lands_in_own_document_cluster": null, "meta": "contra, SGP", "quote_snippet": "Abortus is een nationale aangelegenheid: baas in eigen staat. Het willen versturen van abortuspillen vanuit Nederland naar andere EU-lidstaten kun je dan ook zien als inmenging in abortuswetgeving en "}}, {"type": "Feature", "geometry": {"type": "Point", "coordinates": [-1.8873877057828594, -7.498665190314865]}, "properties": {"argument_id": 1916, "document_id": 5762, "nearest_cluster_id": 69, "nearest_cluster_name": "Abortus", "nearest_cluster_distance": 0.0412, "document_cluster_id": null, "distance_to_own_document": null, "lands_in_own_document_cluster": null, "meta": "contra, SGP", "quote_snippet": "Uit antwoorden op schriftelijke vragen die ik hierover stelde, blijkt dat \u00e9\u00e9n abortuskliniek al gebruikmaakt van de beleidsregel. De artsenrichtlijnen houden op dit moment echter geen rekening met het"}}, {"type": "Feature", "geometry": {"type": "Point", "coordinates": [-2.094408498794736, -8.03353845603667]}, "properties": {"argument_id": 1917, "document_id": 5764, "nearest_cluster_id": 367, "nearest_cluster_name": "Beraadtermijn", "nearest_cluster_distance": 0.1046, "document_cluster_id": null, "distance_to_own_document": null, "lands_in_own_document_cluster": null, "meta": "pro, VVD", "quote_snippet": "Maar de manier waarop u \u2014 dat was ook al even zo in het interruptiedebatje \u2014 dit voorstel kwalificeert als dat we ons gaan bemoeien met de nationale bevoegdheid \u2026 Daar heb ik wel moeite mee, omdat ik "}}, {"type": "Feature", "geometry": {"type": "Point", "coordinates": [7.658389188757826, 18.14665549013348]}, "properties": {"argument_id": 1918, "document_id": 5765, "nearest_cluster_id": 2373, "nearest_cluster_name": "Parlementaire controle", "nearest_cluster_distance": 0.0328, "document_cluster_id": null, "distance_to_own_document": null, "lands_in_own_document_cluster": null, "meta": "contra, SGP", "quote_snippet": "Het zal u niet verbazen: ik vind de bescherming die aan het ongeboren leven in Nederland wordt gegeven, zeer ver onder de maat."}}, {"type": "Feature", "geometry": {"type": "Point", "coordinates": [17.654999328340605, -14.0303992370332]}, "properties": {"argument_id": 1919, "document_id": 5765, "nearest_cluster_id": 1129, "nearest_cluster_name": "Migratiebeleid", "nearest_cluster_distance": 0.1168, "document_cluster_id": null, "distance_to_own_document": null, "lands_in_own_document_cluster": null, "meta": "contra, SGP", "quote_snippet": "Tegelijkertijd kom je daar wel op terug. Het zal u niet verbazen: ik vind de bescherming die aan het ongeboren leven in Nederland wordt gegeven, zeer ver onder de maat. Ik vind toch en kan het niet an"}}, {"type": "Feature", "geometry": {"type": "Point", "coordinates": [-2.3573765820219967, -7.974150462480298]}, "properties": {"argument_id": 1920, "document_id": 5766, "nearest_cluster_id": 367, "nearest_cluster_name": "Beraadtermijn", "nearest_cluster_distance": 0.0804, "document_cluster_id": null, "distance_to_own_document": null, "lands_in_own_document_cluster": null, "meta": "pro, VVD", "quote_snippet": "Wat wij hier doen, is een recht dat verworven is na een jarenlange discussie. Daar is heel zorgvuldige wetgeving uit voortgekomen. We hebben het ook mogelijk gemaakt dat vrouwen uit Europese landen wa"}}, {"type": "Feature", "geometry": {"type": "Point", "coordinates": [-2.2950297003030955, -7.253878032864211]}, "properties": {"argument_id": 1921, "document_id": 5767, "nearest_cluster_id": 367, "nearest_cluster_name": "Beraadtermijn", "nearest_cluster_distance": 0.0649, "document_cluster_id": null, "distance_to_own_document": null, "lands_in_own_document_cluster": null, "meta": "contra, SGP", "quote_snippet": "ik het absoluut niet beschouw als een stap terug, maar als een stap vooruit, als een keuze v\u00f3\u00f3r het leven, om niet de toekomst van ongeboren leven af te snijden maar het juist te beschermen en in \u00e9\u00e9n "}}, {"type": "Feature", "geometry": {"type": "Point", "coordinates": [-2.168876254758312, -7.474775767787128]}, "properties": {"argument_id": 1922, "document_id": 5769, "nearest_cluster_id": 367, "nearest_cluster_name": "Beraadtermijn", "nearest_cluster_distance": 0.0398, "document_cluster_id": null, "distance_to_own_document": null, "lands_in_own_document_cluster": null, "meta": "pro, D66", "quote_snippet": "Zendingsdrang staat voor mij ook voor een beperking van een keuze. Abortuszorg staat juist voor het recht op een keuze, niet wat je moet doen, maar dat je het recht hebt op een keuze."}}, {"type": "Feature", "geometry": {"type": "Point", "coordinates": [-1.9629196634796047, -7.733385164573513]}, "properties": {"argument_id": 1923, "document_id": 5769, "nearest_cluster_id": 367, "nearest_cluster_name": "Beraadtermijn", "nearest_cluster_distance": 0.082, "document_cluster_id": null, "distance_to_own_document": null, "lands_in_own_document_cluster": null, "meta": "pro, D66", "quote_snippet": "Volgens de cijfers worden er jaarlijks 25 miljoen onveilige abortussen uitgevoerd en sterven er jaarlijks bijna 40.000 mensen. Dus over welke keuze heeft meneer Van Dijk het, als hij zegt: we kiezen v"}}, {"type": "Feature", "geometry": {"type": "Point", "coordinates": [-2.2985674520106576, -7.541113017850247]}, "properties": {"argument_id": 1924, "document_id": 5770, "nearest_cluster_id": 367, "nearest_cluster_name": "Beraadtermijn", "nearest_cluster_distance": 0.0109, "document_cluster_id": null, "distance_to_own_document": null, "lands_in_own_document_cluster": null, "meta": "contra, SGP", "quote_snippet": "In mijn ogen is er nooit sprake van veilige abortus, omdat er altijd leven wordt gedood. Dat is punt \u00e9\u00e9n. En dat raakt toch ook aan het principi\u00eble punt dat wij het doden van menselijk leven niet zien"}}, {"type": "Feature", "geometry": {"type": "Point", "coordinates": [-1.8396424388352772, -7.0348047741779265]}, "properties": {"argument_id": 1925, "document_id": 5770, "nearest_cluster_id": 799, "nearest_cluster_name": "Anticonceptie", "nearest_cluster_distance": 0.0464, "document_cluster_id": null, "distance_to_own_document": null, "lands_in_own_document_cluster": null, "meta": "contra, SGP", "quote_snippet": "Ik zeg alleen dat wij abortus, het actief en bewust be\u00ebindigen van het leven van een ander, hier niet voor ons zien als een oplossing."}}, {"type": "Feature", "geometry": {"type": "Point", "coordinates": [-2.290032266488552, -7.5264499914006215]}, "properties": {"argument_id": 1963, "document_id": 5772, "nearest_cluster_id": 367, "nearest_cluster_name": "Beraadtermijn", "nearest_cluster_distance": 0.0141, "document_cluster_id": null, "distance_to_own_document": null, "lands_in_own_document_cluster": null, "meta": "contra, ChristenUnie", "quote_snippet": "Onze Nederlandse abortuswetgeving kent aan beide waarde toe: de autonomie van een vrouw en de bescherming van het ongeboren leven. Als ChristenUniefractie vinden we dat vrouwen met een onbedoelde zwan"}}, {"type": "Feature", "geometry": {"type": "Point", "coordinates": [-2.1048156247528884, -7.631881464279096]}, "properties": {"argument_id": 1964, "document_id": 5772, "nearest_cluster_id": 367, "nearest_cluster_name": "Beraadtermijn", "nearest_cluster_distance": 0.0487, "document_cluster_id": null, "distance_to_own_document": null, "lands_in_own_document_cluster": null, "meta": "contra, ChristenUnie", "quote_snippet": "De nota start met de constatering dat abortus een mensenrecht is, maar tot verbazing van de initiatiefnemer niet in het Europese Handvest van de grondrechten staat. Mijn vraag is: zou het dan niet zo "}}, {"type": "Feature", "geometry": {"type": "Point", "coordinates": [-1.994097898040556, -7.973129039173547]}, "properties": {"argument_id": 1965, "document_id": 5772, "nearest_cluster_id": 367, "nearest_cluster_name": "Beraadtermijn", "nearest_cluster_distance": 0.1059, "document_cluster_id": null, "distance_to_own_document": null, "lands_in_own_document_cluster": null, "meta": "contra, ChristenUnie", "quote_snippet": "Ik kan me de ambitie van de initiatiefnemer indenken vanuit haar positie om vrouwen in andere Europese landen die niet dezelfde toegang tot abortus hebben te helpen. Maar net zoals een meerderheid van"}}, {"type": "Feature", "geometry": {"type": "Point", "coordinates": [-2.201363169828971, -7.649034350867745]}, "properties": {"argument_id": 1966, "document_id": 5772, "nearest_cluster_id": 367, "nearest_cluster_name": "Beraadtermijn", "nearest_cluster_distance": 0.0318, "document_cluster_id": null, "distance_to_own_document": null, "lands_in_own_document_cluster": null, "meta": "contra, ChristenUnie", "quote_snippet": "Naast het feit dat ik al zorgen heb over hoe de balans tussen de autonomie van de vrouw en het ongeboren leven zich in Nederland heeft ontwikkeld, vind ik zwangerschapsafbreking desondanks nog steeds "}}, {"type": "Feature", "geometry": {"type": "Point", "coordinates": [-2.341181061501675, -7.566014263772808]}, "properties": {"argument_id": 1967, "document_id": 5772, "nearest_cluster_id": 367, "nearest_cluster_name": "Beraadtermijn", "nearest_cluster_distance": 0.0016, "document_cluster_id": null, "distance_to_own_document": null, "lands_in_own_document_cluster": null, "meta": "contra, ChristenUnie", "quote_snippet": "Een digitaal consult is volgens de Geneesmiddelenwet mogelijk, als er geen lichamelijk onderzoek nodig is. Mijn vraag is: hoe kan een arts de termijn bepalen zonder echo? Hoe wordt een buitenbaarmoede"}}, {"type": "Feature", "geometry": {"type": "Point", "coordinates": [-2.092510193000434, -7.586001463027803]}, "properties": {"argument_id": 1968, "document_id": 5772, "nearest_cluster_id": 367, "nearest_cluster_name": "Beraadtermijn", "nearest_cluster_distance": 0.0498, "document_cluster_id": null, "distance_to_own_document": null, "lands_in_own_document_cluster": null, "meta": "contra, ChristenUnie", "quote_snippet": "De minister wil de afweging of een digitaal consult bij een abortus passend of niet passend is bij de beroepsgroep laten. Heb ik dat goed begrepen? Is het niet een politieke afweging om juist hier een"}}, {"type": "Feature", "geometry": {"type": "Point", "coordinates": [21.716414987845585, 5.793745716754301]}, "properties": {"argument_id": 1969, "document_id": 5772, "nearest_cluster_id": 1645, "nearest_cluster_name": "Reorganisatie", "nearest_cluster_distance": 0.0435, "document_cluster_id": null, "distance_to_own_document": null, "lands_in_own_document_cluster": null, "meta": "contra, ChristenUnie", "quote_snippet": "Ik lees in de reactie van het kabinet dat er kans op vervolging is voor artsen die dit gaan uitvoeren in andere landen. Mijn vraag aan de initiatiefnemer is hoe zij die consequentie weegt en of zij de"}}, {"type": "Feature", "geometry": {"type": "Point", "coordinates": [-1.9367484501361982, -7.405633597754527]}, "properties": {"argument_id": 1970, "document_id": 5772, "nearest_cluster_id": 69, "nearest_cluster_name": "Abortus", "nearest_cluster_distance": 0.0211, "document_cluster_id": null, "distance_to_own_document": null, "lands_in_own_document_cluster": null, "meta": "contra, ChristenUnie", "quote_snippet": "Voorzitter. Hoe je ook over abortus denkt, we willen allemaal dat vrouwen bij het intense dilemma van een ongewenste zwangerschap kunnen terugvallen op een goede ondersteunende gemeenschap en goede hu"}}, {"type": "Feature", "geometry": {"type": "Point", "coordinates": [-2.2212786027138836, -7.5835877176900635]}, "properties": {"argument_id": 1926, "document_id": 5774, "nearest_cluster_id": 367, "nearest_cluster_name": "Beraadtermijn", "nearest_cluster_distance": 0.0242, "document_cluster_id": null, "distance_to_own_document": null, "lands_in_own_document_cluster": null, "meta": "pro, D66", "quote_snippet": "D66 staat voor de toegang tot abortuszorg voor alle vrouwen wereldwijd, maar wil tegelijkertijd abortuszorgverleners in bescherming nemen, zodat zij abortuszorg op een veilige manier kunnen leveren. O"}}, {"type": "Feature", "geometry": {"type": "Point", "coordinates": [-1.882157777445529, -7.544534691749328]}, "properties": {"argument_id": 1927, "document_id": 5774, "nearest_cluster_id": 69, "nearest_cluster_name": "Abortus", "nearest_cluster_distance": 0.0504, "document_cluster_id": null, "distance_to_own_document": null, "lands_in_own_document_cluster": null, "meta": "pro, D66", "quote_snippet": "D66-collega Hammelburg heeft hier eerder een motie over ingediend. Kan de minister aangeven op welke wijze abortuszorg onderdeel is van de Nederlandse noodhulp in crisisgebieden?"}}, {"type": "Feature", "geometry": {"type": "Point", "coordinates": [-1.486281923258911, -7.578892198053378]}, "properties": {"argument_id": 1928, "document_id": 5774, "nearest_cluster_id": 2391, "nearest_cluster_name": "Bufferzones", "nearest_cluster_distance": 0.0945, "document_cluster_id": null, "distance_to_own_document": null, "lands_in_own_document_cluster": null, "meta": "pro, D66", "quote_snippet": "De intimidatie die vrouwen en zorgverleners bij abortusklinieken dagelijks meemaken, verstoort ook de toegang tot goede zorg. Ook vorige week stond er weer een artikel in de krant waarin een zogenaamd"}}, {"type": "Feature", "geometry": {"type": "Point", "coordinates": [-2.366657188127471, -7.590858871009248]}, "properties": {"argument_id": 1929, "document_id": 5776, "nearest_cluster_id": 367, "nearest_cluster_name": "Beraadtermijn", "nearest_cluster_distance": 0.0059, "document_cluster_id": null, "distance_to_own_document": null, "lands_in_own_document_cluster": null, "meta": "contra, ChristenUnie", "quote_snippet": "We hebben net twee wetsbehandelingen gehad waarbij de balans in het recht op abortus voor mensen, vind ik, nog meer is doorgeslagen naar de autonomie van de vrouw alleen en niet ook de bescherming van"}}, {"type": "Feature", "geometry": {"type": "Point", "coordinates": [21.37337291474961, -7.351232710916333]}, "properties": {"argument_id": 1930, "document_id": 5776, "nearest_cluster_id": 1112, "nearest_cluster_name": "Transparantie", "nearest_cluster_distance": 0.1718, "document_cluster_id": null, "distance_to_own_document": null, "lands_in_own_document_cluster": null, "meta": "contra, ChristenUnie", "quote_snippet": "Allerlei dreigbeelden vanuit het perspectief van D66 over het abortusdebat met verwijzingen naar Amerika, vind ik hier gewoon niet aan de orde. Ik vind het belangrijk om dat genoteerd te hebben, juist"}}, {"type": "Feature", "geometry": {"type": "Point", "coordinates": [21.321739955884908, -7.045710031699685]}, "properties": {"argument_id": 1931, "document_id": 5776, "nearest_cluster_id": 1276, "nearest_cluster_name": "D66", "nearest_cluster_distance": 0.1634, "document_cluster_id": null, "distance_to_own_document": null, "lands_in_own_document_cluster": null, "meta": "contra, ChristenUnie", "quote_snippet": "Wat we hier zien gebeuren is dat D66 de verdachte, iemand die is opgepakt, schuldig verklaart, terwijl er verder nog niks is gebeurd qua procesgang. Ik vind het rechtsstatelijk gezien twijfelachtig da"}}, {"type": "Feature", "geometry": {"type": "Point", "coordinates": [15.668858541440692, 2.856764960943779]}, "properties": {"argument_id": 1932, "document_id": 5777, "nearest_cluster_id": 1406, "nearest_cluster_name": "Vertrouwen", "nearest_cluster_distance": 0.0212, "document_cluster_id": null, "distance_to_own_document": null, "lands_in_own_document_cluster": null, "meta": "pro, D66", "quote_snippet": "Wij hebben met dit demissionaire kabinet juist gezorgd voor wat vrouwen in dit land nodig hebben, namelijk toegang tot medische zorg, wat abortus wat mij betreft is."}}, {"type": "Feature", "geometry": {"type": "Point", "coordinates": [-1.9017831913896455, -7.931694417754669]}, "properties": {"argument_id": 1933, "document_id": 5777, "nearest_cluster_id": 367, "nearest_cluster_name": "Beraadtermijn", "nearest_cluster_distance": 0.1133, "document_cluster_id": null, "distance_to_own_document": null, "lands_in_own_document_cluster": null, "meta": "pro, D66", "quote_snippet": "Ook in Amerika zijn een aantal rechten teruggedraaid en zijn vrouwen in grote nood gekomen omdat ze geen toegang meer hadden tot abortus. Ik zal elke dag in dit huis ervoor strijden dat we daar niet k"}}, {"type": "Feature", "geometry": {"type": "Point", "coordinates": [-1.8047682604172388, -7.56573619938463]}, "properties": {"argument_id": 1934, "document_id": 5777, "nearest_cluster_id": 69, "nearest_cluster_name": "Abortus", "nearest_cluster_distance": 0.0599, "document_cluster_id": null, "distance_to_own_document": null, "lands_in_own_document_cluster": null, "meta": "pro, D66", "quote_snippet": "Ik vind dat iedereen in Nederland, wat je ook nodig hebt, waarvoor je ook naar een zorginstelling, abortuskliniek of ziekenhuis gaat, ongehinderd van dat recht gebruik moet kunnen maken."}}, {"type": "Feature", "geometry": {"type": "Point", "coordinates": [-2.1929142709338794, -7.420118597125657]}, "properties": {"argument_id": 1935, "document_id": 5779, "nearest_cluster_id": 367, "nearest_cluster_name": "Beraadtermijn", "nearest_cluster_distance": 0.0429, "document_cluster_id": null, "distance_to_own_document": null, "lands_in_own_document_cluster": null, "meta": "contra, ChristenUnie", "quote_snippet": "Het kabinet had tot doelstelling het aantal abortussen omlaag te krijgen. Dat heeft niets te maken met progressief, conservatief, links, rechts of verzin het. Dat heeft te maken met juist op het oog h"}}, {"type": "Feature", "geometry": {"type": "Point", "coordinates": [-2.0796271202171384, -7.292246651353734]}, "properties": {"argument_id": 1936, "document_id": 5779, "nearest_cluster_id": 69, "nearest_cluster_name": "Abortus", "nearest_cluster_distance": 0.0272, "document_cluster_id": null, "distance_to_own_document": null, "lands_in_own_document_cluster": null, "meta": "contra, ChristenUnie", "quote_snippet": "Als alleen verruiming van de abortuswetgeving zou worden gezien als goede zorg, zou ik dat heel frustrerend vinden."}}, {"type": "Feature", "geometry": {"type": "Point", "coordinates": [9.616882302252098, 9.021801322263281]}, "properties": {"argument_id": 1937, "document_id": 5779, "nearest_cluster_id": 1346, "nearest_cluster_name": "Wetgevingsplanning", "nearest_cluster_distance": 0.0506, "document_cluster_id": null, "distance_to_own_document": null, "lands_in_own_document_cluster": null, "meta": "contra, ChristenUnie", "quote_snippet": "Dat er in ons land ruimte is om ook dat soort gesprekken wel te kunnen voeren zonder intimidatie \u2014 daarin kunt u mij op uw pad vinden \u2014 vind ik toch wel iets waar we vanuit de politiek dan ook niet te"}}, {"type": "Feature", "geometry": {"type": "Point", "coordinates": [-1.8346833546327397, -7.370728865548139]}, "properties": {"argument_id": 1938, "document_id": 5783, "nearest_cluster_id": 69, "nearest_cluster_name": "Abortus", "nearest_cluster_distance": 0.0258, "document_cluster_id": null, "distance_to_own_document": null, "lands_in_own_document_cluster": null, "meta": "pro, D66", "quote_snippet": "We hebben namelijk met elkaar een coalitieakkoord tot stand gebracht waarin juist ook die goede zorg zit aan vrouwen die in andere omstandigheden zitten waardoor ze wellicht tot een keuze komen waarov"}}, {"type": "Feature", "geometry": {"type": "Point", "coordinates": [6.207443602761154, 10.190050771261573]}, "properties": {"argument_id": 1939, "document_id": 5783, "nearest_cluster_id": 259, "nearest_cluster_name": "Termijnen", "nearest_cluster_distance": 0.0302, "document_cluster_id": null, "distance_to_own_document": null, "lands_in_own_document_cluster": null, "meta": "pro, D66", "quote_snippet": "Nou, \"uitzitten\" klinkt een beetje negatief, maar het gaat om zorg voor vrouwen die daar ondersteuning bij nodig hebben."}}, {"type": "Feature", "geometry": {"type": "Point", "coordinates": [16.067550695259005, -5.864668498961306]}, "properties": {"argument_id": 1947, "document_id": 5785, "nearest_cluster_id": 1001, "nearest_cluster_name": "Digitalisering", "nearest_cluster_distance": 0.0902, "document_cluster_id": null, "distance_to_own_document": null, "lands_in_own_document_cluster": null, "meta": "contra, SGP", "quote_snippet": "Het antwoord daarop is altijd in zekere zin gebroken, want ik wil die slachtoffers ook niet. Ik geloof absoluut dat de veiligheid van vrouwen zo belangrijk is voor mevrouw Paulusma, maar zij heeft kun"}}, {"type": "Feature", "geometry": {"type": "Point", "coordinates": [8.819728092287503, 17.924160243316162]}, "properties": {"argument_id": 1940, "document_id": 5787, "nearest_cluster_id": 770, "nearest_cluster_name": "Kamerprocedures", "nearest_cluster_distance": 0.0987, "document_cluster_id": null, "distance_to_own_document": null, "lands_in_own_document_cluster": null, "meta": "contra, SGP", "quote_snippet": "Die zorg kan niet worden gegarandeerd, althans niet volgens de vereisten die wij op grond van onze huidige abortuswet hebben."}}, {"type": "Feature", "geometry": {"type": "Point", "coordinates": [28.117272028558084, 7.832931189396502]}, "properties": {"argument_id": 1941, "document_id": 5788, "nearest_cluster_id": 277, "nearest_cluster_name": "Zorgindicatie", "nearest_cluster_distance": 0.0494, "document_cluster_id": null, "distance_to_own_document": null, "lands_in_own_document_cluster": null, "meta": "pro, D66", "quote_snippet": "Ik sta elke dag voor die veiligheid van vrouwen en voor de toegang tot zorg. Als de minister aangeeft dat daarin nog een lacune zit, gaan we er wat mij betreft nog meer energie en effort in steken om "}}, {"type": "Feature", "geometry": {"type": "Point", "coordinates": [21.579703414745374, -11.595879805370014]}, "properties": {"argument_id": 1942, "document_id": 5788, "nearest_cluster_id": 925, "nearest_cluster_name": "Europese soevereiniteit", "nearest_cluster_distance": 0.0195, "document_cluster_id": null, "distance_to_own_document": null, "lands_in_own_document_cluster": null, "meta": "pro, D66", "quote_snippet": "Laten we er vooral ook in Europa voor zorgen dat deze vorm van zorg voor iedereen op een veilige manier toegankelijk is. Wat mij betreft steken we dus nog meer effort in het realiseren daarvan."}}, {"type": "Feature", "geometry": {"type": "Point", "coordinates": [3.351559980921371, 13.937337389932255]}, "properties": {"argument_id": 1943, "document_id": 5788, "nearest_cluster_id": 1950, "nearest_cluster_name": "Overleg", "nearest_cluster_distance": 0.0654, "document_cluster_id": null, "distance_to_own_document": null, "lands_in_own_document_cluster": null, "meta": "pro, D66", "quote_snippet": "Ik vind namelijk dat die gegarandeerd moet zijn als het gaat om vrouwen in nood."}}, {"type": "Feature", "geometry": {"type": "Point", "coordinates": [-2.2374094082639453, -7.683941202035341]}, "properties": {"argument_id": 1948, "document_id": 5790, "nearest_cluster_id": 367, "nearest_cluster_name": "Beraadtermijn", "nearest_cluster_distance": 0.0304, "document_cluster_id": null, "distance_to_own_document": null, "lands_in_own_document_cluster": null, "meta": "contra, NSC", "quote_snippet": "Onze grootste zorg betreft het achterwege blijven van de noodzakelijk fysieke en emotionele follow-upzorg. Een abortus is voor veel vrouwen een ingrijpende ervaring, zelfs als de vrouw zeker weet dat "}}, {"type": "Feature", "geometry": {"type": "Point", "coordinates": [-1.9621790365977367, -7.811521396771525]}, "properties": {"argument_id": 1949, "document_id": 5790, "nearest_cluster_id": 367, "nearest_cluster_name": "Beraadtermijn", "nearest_cluster_distance": 0.0894, "document_cluster_id": null, "distance_to_own_document": null, "lands_in_own_document_cluster": null, "meta": "contra, NSC", "quote_snippet": "In de reactie op de initiatiefnota geeft de vorige minister ook zijn bedenkingen aan, waaronder de inmenging van Nederland in beleid van andere landen. Wat als aanvaardbaar wordt beschouwd in \u00e9\u00e9n same"}}, {"type": "Feature", "geometry": {"type": "Point", "coordinates": [-1.9909556267068067, -7.741662062910023]}, "properties": {"argument_id": 1950, "document_id": 5790, "nearest_cluster_id": 367, "nearest_cluster_name": "Beraadtermijn", "nearest_cluster_distance": 0.0776, "document_cluster_id": null, "distance_to_own_document": null, "lands_in_own_document_cluster": null, "meta": "contra, NSC", "quote_snippet": "Nieuw Sociaal Contract vindt het uitermate belangrijk om de reproductieve rechten van vrouwen te beschermen. Tegelijkertijd vinden wij dat interventies op dit gebied zorgvuldig moeten worden overwogen"}}, {"type": "Feature", "geometry": {"type": "Point", "coordinates": [17.309838439181288, 11.995623662498012]}, "properties": {"argument_id": 1971, "document_id": 5795, "nearest_cluster_id": 1349, "nearest_cluster_name": "Ministeri\u00eble verantwoordelijkheid", "nearest_cluster_distance": 0.0875, "document_cluster_id": null, "distance_to_own_document": null, "lands_in_own_document_cluster": null, "meta": "contra, PVV", "quote_snippet": "De minister kan niet garanderen dat bij abortuszorg op afstand alle zorgvuldigheidseisen uit de Wet afbreking zwangerschap kunnen worden gewaarborgd."}}, {"type": "Feature", "geometry": {"type": "Point", "coordinates": [-2.0078630118999916, -7.274916404400956]}, "properties": {"argument_id": 1972, "document_id": 5795, "nearest_cluster_id": 69, "nearest_cluster_name": "Abortus", "nearest_cluster_distance": 0.0139, "document_cluster_id": null, "distance_to_own_document": null, "lands_in_own_document_cluster": null, "meta": "contra, PVV", "quote_snippet": "De richtlijnen voor abortuszorg houden geen rekening met het voorschrijven van abortuszorg via een digitaal consult."}}, {"type": "Feature", "geometry": {"type": "Point", "coordinates": [-1.5421764827577875, -8.117568272882842]}, "properties": {"argument_id": 1973, "document_id": 5795, "nearest_cluster_id": 2391, "nearest_cluster_name": "Bufferzones", "nearest_cluster_distance": 0.0722, "document_cluster_id": null, "distance_to_own_document": null, "lands_in_own_document_cluster": null, "meta": "contra, PVV", "quote_snippet": "De minister kan niet uitsluiten dat hulpverleners die deze zorg verlenen aan een vrouw die in een land woont waar abortus verboden is, strafrechtelijk worden vervolgd."}}, {"type": "Feature", "geometry": {"type": "Point", "coordinates": [16.9402680219801, 10.252382392207384]}, "properties": {"argument_id": 1974, "document_id": 5795, "nearest_cluster_id": 2101, "nearest_cluster_name": "Begroting", "nearest_cluster_distance": 0.0429, "document_cluster_id": null, "distance_to_own_document": null, "lands_in_own_document_cluster": null, "meta": "contra, PVV", "quote_snippet": "De minister wijst op de mogelijke gevolgen voor de bilaterale relaties met andere EU-lidstaten, omdat dit gezien kan worden inmenging in een interne aangelegenheid."}}, {"type": "Feature", "geometry": {"type": "Point", "coordinates": [-2.3353615078797505, -7.587675744960647]}, "properties": {"argument_id": 1975, "document_id": 5795, "nearest_cluster_id": 367, "nearest_cluster_name": "Beraadtermijn", "nearest_cluster_distance": 0.0031, "document_cluster_id": null, "distance_to_own_document": null, "lands_in_own_document_cluster": null, "meta": "contra, PVV", "quote_snippet": "Er is eerder in de Kamer een uitgebreid en zorgvuldig debat geweest over de verstrekking van de abortuspil door de huisarts. Door voor- en tegenstanders zijn daar toen een hoop vragen over gesteld. Nu"}}, {"type": "Feature", "geometry": {"type": "Point", "coordinates": [29.14081837929913, 5.892902034790881]}, "properties": {"argument_id": 1976, "document_id": 5795, "nearest_cluster_id": 263, "nearest_cluster_name": "PGB", "nearest_cluster_distance": 0.0591, "document_cluster_id": null, "distance_to_own_document": null, "lands_in_own_document_cluster": null, "meta": "contra, PVV", "quote_snippet": "In het verlengde daarvan hoort de PVV-fractie graag hoe de initiatiefnemer de zorgvuldigheidseisen uit de wet rijmt met het onderhavige voorstel. Ik loop ze even af. Het begint met het bezoek aan een "}}, {"type": "Feature", "geometry": {"type": "Point", "coordinates": [-1.8736154013711723, -7.332494025153175]}, "properties": {"argument_id": 1977, "document_id": 5795, "nearest_cluster_id": 69, "nearest_cluster_name": "Abortus", "nearest_cluster_distance": 0.0152, "document_cluster_id": null, "distance_to_own_document": null, "lands_in_own_document_cluster": null, "meta": "contra, PVV", "quote_snippet": "Uit de brief van de minister blijkt dat artsen en huisartsen worstelen met de vraag in hoeverre een dergelijke vorm van abortuszorg past binnen de eigen beroepsnormen en de gewenste kwaliteit van zorg"}}, {"type": "Feature", "geometry": {"type": "Point", "coordinates": [-1.777314731922379, -7.443869852843109]}, "properties": {"argument_id": 1978, "document_id": 5795, "nearest_cluster_id": 69, "nearest_cluster_name": "Abortus", "nearest_cluster_distance": 0.0437, "document_cluster_id": null, "distance_to_own_document": null, "lands_in_own_document_cluster": null, "meta": "contra, PVV", "quote_snippet": "De minister schrijft ook dat gezondheidszorg een bevoegdheid is van de EU-lidstaten \u2014 en terecht \u2014 en dat het versturen van abortusmedicatie naar een land waarin die wettelijk verboden is, kan worden "}}, {"type": "Feature", "geometry": {"type": "Point", "coordinates": [-2.4407917818367437, -7.708751007916374]}, "properties": {"argument_id": 1979, "document_id": 5795, "nearest_cluster_id": 367, "nearest_cluster_name": "Beraadtermijn", "nearest_cluster_distance": 0.0334, "document_cluster_id": null, "distance_to_own_document": null, "lands_in_own_document_cluster": null, "meta": "contra, PVV", "quote_snippet": "Aan de ene kant schrijft de initiatiefnemer dat de kans daarop klein is. Aan de andere kant vraagt de fractie van GroenLinks-Partij van de Arbeid in het verslag van het schriftelijk overleg over de ev"}}, {"type": "Feature", "geometry": {"type": "Point", "coordinates": [-2.2712193849488145, -7.515725768159011]}, "properties": {"argument_id": 1980, "document_id": 5795, "nearest_cluster_id": 367, "nearest_cluster_name": "Beraadtermijn", "nearest_cluster_distance": 0.0184, "document_cluster_id": null, "distance_to_own_document": null, "lands_in_own_document_cluster": null, "meta": "contra, PVV", "quote_snippet": "In het consultatieverslag van de Uitwerking eisen abortuspil huisarts valt te lezen dat een aantal respondenten eigenlijk altijd wil doorverwijzen voor een echo om zeker te zijn van de zwangerschapste"}}, {"type": "Feature", "geometry": {"type": "Point", "coordinates": [-1.7397752554699175, -7.657278971066342]}, "properties": {"argument_id": 1944, "document_id": 5798, "nearest_cluster_id": 69, "nearest_cluster_name": "Abortus", "nearest_cluster_distance": 0.0822, "document_cluster_id": null, "distance_to_own_document": null, "lands_in_own_document_cluster": null, "meta": "pro, GroenLinks-PvdA", "quote_snippet": "Ik schrik namelijk van de cijfers. Ik schrik als ik hoor hoeveel vrouwen wereldwijd overlijden en hoeveel vrouwen langdurig last hebben van complicaties na een onveilige abortus. Dat zijn er miljoenen"}}, {"type": "Feature", "geometry": {"type": "Point", "coordinates": [-2.081575759877198, -7.438993978276748]}, "properties": {"argument_id": 1945, "document_id": 5798, "nearest_cluster_id": 69, "nearest_cluster_name": "Abortus", "nearest_cluster_distance": 0.0391, "document_cluster_id": null, "distance_to_own_document": null, "lands_in_own_document_cluster": null, "meta": "pro, GroenLinks-PvdA", "quote_snippet": "Ik begrijp die wens, want het verbieden van abortus leidt niet tot minder abortussen, maar tot onveilige abortussen. We weten dus dat het effectief is voor de gezondheid van vrouwen, dus dan moeten we"}}, {"type": "Feature", "geometry": {"type": "Point", "coordinates": [-2.0741143634912627, -7.600843545888451]}, "properties": {"argument_id": 1946, "document_id": 5798, "nearest_cluster_id": 367, "nearest_cluster_name": "Beraadtermijn", "nearest_cluster_distance": 0.0536, "document_cluster_id": null, "distance_to_own_document": null, "lands_in_own_document_cluster": null, "meta": "pro, GroenLinks-PvdA", "quote_snippet": "Ik kan dat goed begrijpen als de Nederlandse overheid zelf abortuspillen naar vrouwen gaat sturen of Nederlandse zorgverleners financiert om dat te gaan doen, maar dat is niet het voorstel. Het voorst"}}, {"type": "Feature", "geometry": {"type": "Point", "coordinates": [-2.0039153987141147, -7.498889235755277]}, "properties": {"argument_id": 1952, "document_id": 5804, "nearest_cluster_id": 69, "nearest_cluster_name": "Abortus", "nearest_cluster_distance": 0.0415, "document_cluster_id": null, "distance_to_own_document": null, "lands_in_own_document_cluster": null, "meta": "pro, GroenLinks-PvdA", "quote_snippet": "Vroege abortuszorg door telemedicatie is net zo veilig als vroege abortuszorg met een fysiek consult. Goede kwaliteit van zorg bieden staat bovenaan, met de juiste zorg en vorm van zorg in de context "}}, {"type": "Feature", "geometry": {"type": "Point", "coordinates": [-2.109151527760327, -7.550835027411168]}, "properties": {"argument_id": 1953, "document_id": 5804, "nearest_cluster_id": 367, "nearest_cluster_name": "Beraadtermijn", "nearest_cluster_distance": 0.0466, "document_cluster_id": null, "distance_to_own_document": null, "lands_in_own_document_cluster": null, "meta": "pro, GroenLinks-PvdA", "quote_snippet": "Internationale richtlijnen houden al steeds meer rekening met de mogelijkheid van abortuszorg op afstand. Deze zijn nog niet verwerkt in de Nederlandse richtlijnen. Er zijn al wel veel kwalitatief goe"}}, {"type": "Feature", "geometry": {"type": "Point", "coordinates": [28.039057994871662, 7.810948793197628]}, "properties": {"argument_id": 1954, "document_id": 5804, "nearest_cluster_id": 1674, "nearest_cluster_name": "Langdurige zorg", "nearest_cluster_distance": 0.0524, "document_cluster_id": null, "distance_to_own_document": null, "lands_in_own_document_cluster": null, "meta": "pro, GroenLinks-PvdA", "quote_snippet": "Artikel 3 van de Wafz, onder lid 1, \"nadat de vrouw de arts heeft bezocht\", is geschreven in 1984. In de huidige tijdgeest kan deze zorg anno 2024 zowel digitaal als fysiek zijn; dat is ook internatio"}}, {"type": "Feature", "geometry": {"type": "Point", "coordinates": [2.5148385587694944, 13.976078443114226]}, "properties": {"argument_id": 1955, "document_id": 5804, "nearest_cluster_id": 157, "nearest_cluster_name": "Consensus", "nearest_cluster_distance": 0.1976, "document_cluster_id": null, "distance_to_own_document": null, "lands_in_own_document_cluster": null, "meta": "pro, GroenLinks-PvdA", "quote_snippet": "Uit recent wetenschappelijk onderzoek wordt niet bevestigd dat deze twijfel terecht is. Sterker nog, het is even veilig en effectief."}}, {"type": "Feature", "geometry": {"type": "Point", "coordinates": [-2.057137469626317, -7.431733726656803]}, "properties": {"argument_id": 1951, "document_id": 5806, "nearest_cluster_id": 69, "nearest_cluster_name": "Abortus", "nearest_cluster_distance": 0.0347, "document_cluster_id": null, "distance_to_own_document": null, "lands_in_own_document_cluster": null, "meta": "contra, ChristenUnie", "quote_snippet": "Als ik denk aan de landen waar dit naartoe gestuurd wordt, is mijn zorg eerlijk gezegd alleen maar groter. Dit is voor mensen die in de richting van een abortus denken, de enige optie om aan een abort"}}, {"type": "Feature", "geometry": {"type": "Point", "coordinates": [-2.3008037137607626, -7.602834417045643]}, "properties": {"argument_id": 1981, "document_id": 5811, "nearest_cluster_id": 367, "nearest_cluster_name": "Beraadtermijn", "nearest_cluster_distance": 0.0101, "document_cluster_id": null, "distance_to_own_document": null, "lands_in_own_document_cluster": null, "meta": "contra, GroenLinks-PvdA", "quote_snippet": "De abortuspil is potentieel gevaarlijk. We erkennen dat er in enkele situaties zeker twijfel kan zijn of vrouwen een vroegere zwangerschapsduur opgeven of andere data noemen. Stel dat de zorgverlener "}}, {"type": "Feature", "geometry": {"type": "Point", "coordinates": [6.443444718195884, 5.585858415242835]}, "properties": {"argument_id": 1982, "document_id": 5811, "nearest_cluster_id": 202, "nearest_cluster_name": "Mondkapjesdeal", "nearest_cluster_distance": 0.156, "document_cluster_id": null, "distance_to_own_document": null, "lands_in_own_document_cluster": null, "meta": "pro, GroenLinks-PvdA", "quote_snippet": "Er wordt aangeraden om niet standaard routinematig echoscopisch onderzoek te doen. Dat routinematig echoscopisch onderzoek is dus niet aangeraden, en dat is conform de richtlijn van de WHO uit 2022."}}, {"type": "Feature", "geometry": {"type": "Point", "coordinates": [29.403939860974415, 8.436505512819929]}, "properties": {"argument_id": 1983, "document_id": 5811, "nearest_cluster_id": 162, "nearest_cluster_name": "Ziekenhuiszorg", "nearest_cluster_distance": 0.0356, "document_cluster_id": null, "distance_to_own_document": null, "lands_in_own_document_cluster": null, "meta": "pro, GroenLinks-PvdA", "quote_snippet": "Ik denk dat het belangrijk is, ook met telemedicatie deze voorzorg en nazorg met psychologische ondersteuning te bieden, dus dat we daar niet van wegkijken met alleen maar pillen sturen, maar dat we e"}}, {"type": "Feature", "geometry": {"type": "Point", "coordinates": [23.34350753233848, -6.745711827614872]}, "properties": {"argument_id": 1984, "document_id": 5811, "nearest_cluster_id": 272, "nearest_cluster_name": "ChristenUnie", "nearest_cluster_distance": 0.0542, "document_cluster_id": null, "distance_to_own_document": null, "lands_in_own_document_cluster": null, "meta": "contra, GroenLinks-PvdA", "quote_snippet": "Het is al benoemd dat het echt superbelangrijk is om voor oplossingen alternatieven te zoeken en dat taal daar ook een belangrijk aspect in is. Het is zeker van belang voor een juiste balans in de zor"}}, {"type": "Feature", "geometry": {"type": "Point", "coordinates": [11.693175836426075, 7.082801797006625]}, "properties": {"argument_id": 1985, "document_id": 5814, "nearest_cluster_id": 1036, "nearest_cluster_name": "Werkwijze", "nearest_cluster_distance": 0.1074, "document_cluster_id": null, "distance_to_own_document": null, "lands_in_own_document_cluster": null, "meta": "pro, GroenLinks-PvdA", "quote_snippet": "Dit is beter te beoordelen in een online teleconsult dan per telefoon. Dat komt omdat ook non-verbale communicatie beter in beeld is bij een teleconsult."}}, {"type": "Feature", "geometry": {"type": "Point", "coordinates": [-1.9531836557315583, -7.397851735085672]}, "properties": {"argument_id": 1986, "document_id": 5814, "nearest_cluster_id": 69, "nearest_cluster_name": "Abortus", "nearest_cluster_distance": 0.0196, "document_cluster_id": null, "distance_to_own_document": null, "lands_in_own_document_cluster": null, "meta": "pro, GroenLinks-PvdA", "quote_snippet": "De keuze om al dan niet een zwangerschap af te breken, moet in eerste instantie bij de vrouw zelf liggen. De vrouw moet dus ook alleen het gesprek voeren en niet samen met een partner, met wie ze moge"}}, {"type": "Feature", "geometry": {"type": "Point", "coordinates": [-1.858167698284969, -7.910704862248426]}, "properties": {"argument_id": 1987, "document_id": 5814, "nearest_cluster_id": 367, "nearest_cluster_name": "Beraadtermijn", "nearest_cluster_distance": 0.1177, "document_cluster_id": null, "distance_to_own_document": null, "lands_in_own_document_cluster": null, "meta": "pro, GroenLinks-PvdA", "quote_snippet": "Niemand moet gedwongen zijn om in een vroege zwangerschap deze uit te dragen. Op het moment dat er geen toegang is tot veilige abortuszorg kan het laatste wel het geval zijn. Hoewel we vinden dat er a"}}, {"type": "Feature", "geometry": {"type": "Point", "coordinates": [-2.154785169196824, -7.449706979525223]}, "properties": {"argument_id": 1988, "document_id": 5814, "nearest_cluster_id": 367, "nearest_cluster_name": "Beraadtermijn", "nearest_cluster_distance": 0.0449, "document_cluster_id": null, "distance_to_own_document": null, "lands_in_own_document_cluster": null, "meta": "pro, GroenLinks-PvdA", "quote_snippet": "Uit onderzoeken is naar voren gekomen dat vroege teleabortuszorg net zo veilig en zorgvuldig is als fysieke vroege abortuszorg."}}, {"type": "Feature", "geometry": {"type": "Point", "coordinates": [-2.1439514038051035, -7.441152292881297]}, "properties": {"argument_id": 1989, "document_id": 5814, "nearest_cluster_id": 367, "nearest_cluster_name": "Beraadtermijn", "nearest_cluster_distance": 0.0476, "document_cluster_id": null, "distance_to_own_document": null, "lands_in_own_document_cluster": null, "meta": "pro, GroenLinks-PvdA", "quote_snippet": "Telemedicatie is veilig en complicaties komen nauwelijks voor. Dat ligt tussen de 0,2% en 0,4%. Als er toch complicaties optreden, zijn dit \u2014 ik praat dan over fysieke complicaties \u2014 dezelfde complica"}}, {"type": "Feature", "geometry": {"type": "Point", "coordinates": [-1.9663399695003976, -7.424860691765237]}, "properties": {"argument_id": 1990, "document_id": 5817, "nearest_cluster_id": 69, "nearest_cluster_name": "Abortus", "nearest_cluster_distance": 0.0253, "document_cluster_id": null, "distance_to_own_document": null, "lands_in_own_document_cluster": null, "meta": "pro, GroenLinks-PvdA", "quote_snippet": "Ook bij abortuszorg moet de vrouw dus echt op het hart gedrukt worden dat zij in spoedsituaties veilig naar zorgverleners kan in het land. Daarom is in het noodzakelijk om in het teleconsult heel duid"}}, {"type": "Feature", "geometry": {"type": "Point", "coordinates": [33.638062998148825, 9.800831255969015]}, "properties": {"argument_id": 1991, "document_id": 5817, "nearest_cluster_id": 52, "nearest_cluster_name": "Geneesmiddelenprijzen", "nearest_cluster_distance": 0.0398, "document_cluster_id": null, "distance_to_own_document": null, "lands_in_own_document_cluster": null, "meta": "pro, GroenLinks-PvdA", "quote_snippet": "De Geneesmiddelenwet biedt nu voldoende ruimte. Ik heb gezien dat de nota in maart 2023 door mijn voorgangster is ingeleverd, maar sinds 11 april 2023 is de Beleidsregel voorschrijven via internet van"}}, {"type": "Feature", "geometry": {"type": "Point", "coordinates": [28.678638442804736, 8.939761489579702]}, "properties": {"argument_id": 1992, "document_id": 5817, "nearest_cluster_id": 1138, "nearest_cluster_name": "Wzd", "nearest_cluster_distance": 0.0416, "document_cluster_id": null, "distance_to_own_document": null, "lands_in_own_document_cluster": null, "meta": "pro, GroenLinks-PvdA", "quote_snippet": "Die voorwaarden zijn: een fysiek consult of onderzoek moet niet nodig zijn \u2014 daar ben ik net uitgebreid op ingegaan \u2014 en de voorschrijver moet beschikken over de actuele medicatiehistorie van de pati\u00eb"}}, {"type": "Feature", "geometry": {"type": "Point", "coordinates": [-2.010602612307677, -7.509177379082386]}, "properties": {"argument_id": 1993, "document_id": 5817, "nearest_cluster_id": 69, "nearest_cluster_name": "Abortus", "nearest_cluster_distance": 0.0439, "document_cluster_id": null, "distance_to_own_document": null, "lands_in_own_document_cluster": null, "meta": "pro, GroenLinks-PvdA", "quote_snippet": "Concluderend is onze visie daarbij dus dat vroege abortuszorg door telemedicatie veilig kan. Het is aan de Nederlandse zorgverleners in hoeverre zij dit zelf vormgeven."}}, {"type": "Feature", "geometry": {"type": "Point", "coordinates": [-2.1907379304525336, -7.845673854647295]}, "properties": {"argument_id": 1994, "document_id": 5817, "nearest_cluster_id": 367, "nearest_cluster_name": "Beraadtermijn", "nearest_cluster_distance": 0.0623, "document_cluster_id": null, "distance_to_own_document": null, "lands_in_own_document_cluster": null, "meta": "pro, GroenLinks-PvdA", "quote_snippet": "Onveilige abortus is wereldwijd de belangrijkste voorkombare oorzaak van sterfte onder vrouwen. Deze initiatiefnota gaat over telemedicatie als vorm van abortuszorg ter voorkoming van onveilige abortu"}}, {"type": "Feature", "geometry": {"type": "Point", "coordinates": [-2.2895552931892267, -7.945941627132855]}, "properties": {"argument_id": 1995, "document_id": 5817, "nearest_cluster_id": 367, "nearest_cluster_name": "Beraadtermijn", "nearest_cluster_distance": 0.0754, "document_cluster_id": null, "distance_to_own_document": null, "lands_in_own_document_cluster": null, "meta": "pro, GroenLinks-PvdA", "quote_snippet": "Abortuszorg is praktisch niet beschikbaar in de gezondheidszorg in Polen. In 2022 waren er 161 legale abortussen in Polen. Ondanks een groot protest in 2020 is abortuszorg nog restrictiever geworden. "}}, {"type": "Feature", "geometry": {"type": "Point", "coordinates": [-2.1313128097983465, -7.597771674202849]}, "properties": {"argument_id": 1996, "document_id": 5817, "nearest_cluster_id": 367, "nearest_cluster_name": "Beraadtermijn", "nearest_cluster_distance": 0.0423, "document_cluster_id": null, "distance_to_own_document": null, "lands_in_own_document_cluster": null, "meta": "pro, GroenLinks-PvdA", "quote_snippet": "Het lid Bikker van de ChristenUnie en het lid Van Dijk van de SGP gaven aan dat abortus geen mensenrecht is en er dus geen morele verplichting is om dat in Europa te verdedigen. Wij staan daar iets an"}}, {"type": "Feature", "geometry": {"type": "Point", "coordinates": [25.158954196199282, -16.418842229320795]}, "properties": {"argument_id": 1997, "document_id": 5817, "nearest_cluster_id": 780, "nearest_cluster_name": "Maatschappelijk middenveld", "nearest_cluster_distance": 0.1171, "document_cluster_id": null, "distance_to_own_document": null, "lands_in_own_document_cluster": null, "meta": "pro, GroenLinks-PvdA", "quote_snippet": "Vrouwenrechten, gendergelijkheid en seksuele en reproductieve gezondheid en rechten, ook wel SRGR, zijn al prioriteiten in het Nederlandse buitenland- en buitenlandse-handel-en-ontwikkelingssamenwerki"}}, {"type": "Feature", "geometry": {"type": "Point", "coordinates": [-1.9340136434300141, -7.607162620970119]}, "properties": {"argument_id": 1998, "document_id": 5819, "nearest_cluster_id": 69, "nearest_cluster_name": "Abortus", "nearest_cluster_distance": 0.0615, "document_cluster_id": null, "distance_to_own_document": null, "lands_in_own_document_cluster": null, "meta": "contra, ChristenUnie", "quote_snippet": "Mijn zorg is dat wij als Nederland door alleen abortuszorg verder onder de aandacht te brengen juist die andere kant \u2014 dat betreft de keuze die een vrouw ook zou kunnen maken en waarmee zij voor een k"}}, {"type": "Feature", "geometry": {"type": "Point", "coordinates": [-2.418644880903227, -7.600271462448262]}, "properties": {"argument_id": 1999, "document_id": 5820, "nearest_cluster_id": 367, "nearest_cluster_name": "Beraadtermijn", "nearest_cluster_distance": 0.0161, "document_cluster_id": null, "distance_to_own_document": null, "lands_in_own_document_cluster": null, "meta": "contra, GroenLinks-PvdA", "quote_snippet": "Ik zei net al bij de Wafz dat alternatieven bespreken van belang is. Je moet het gesprek open ingaan, heel goed luisteren, bekijken of het een geplande of gewenste zwangerschap, of een ongewenste zwan"}}, {"type": "Feature", "geometry": {"type": "Point", "coordinates": [-1.7544703474205012, -7.942994644502287]}, "properties": {"argument_id": 2000, "document_id": 5822, "nearest_cluster_id": 2391, "nearest_cluster_name": "Bufferzones", "nearest_cluster_distance": 0.1076, "document_cluster_id": null, "distance_to_own_document": null, "lands_in_own_document_cluster": null, "meta": "pro, GroenLinks-PvdA", "quote_snippet": "In de kabinetsreactie staat dat Nederland een eventueel aanhoudingsbevel niet ten uitvoer hoeft te brengen op grond van het kaderbesluit EAB en de Overleveringswet. Er kan echter geen voorschot worden"}}, {"type": "Feature", "geometry": {"type": "Point", "coordinates": [-2.093452155345334, -7.540960909000063]}, "properties": {"argument_id": 2001, "document_id": 5822, "nearest_cluster_id": 367, "nearest_cluster_name": "Beraadtermijn", "nearest_cluster_distance": 0.05, "document_cluster_id": null, "distance_to_own_document": null, "lands_in_own_document_cluster": null, "meta": "pro, GroenLinks-PvdA", "quote_snippet": "10% van de abortuszorg die in Nederland verleend wordt, betreft vrouwen uit het buitenland, ook uit de EU. Daarom spreken we er vandaag ook over met elkaar."}}, {"type": "Feature", "geometry": {"type": "Point", "coordinates": [16.73259528556412, 7.95739142899936]}, "properties": {"argument_id": 2002, "document_id": 5822, "nearest_cluster_id": 2474, "nearest_cluster_name": "Parlementaire controle", "nearest_cluster_distance": 0.0675, "document_cluster_id": null, "distance_to_own_document": null, "lands_in_own_document_cluster": null, "meta": "pro, GroenLinks-PvdA", "quote_snippet": "Met het bespreken van deze initiatiefnota komen we tot de conclusie dat het in ieder geval niet strafbaar is in Nederland. Daar was bij het indienen van deze nota in maart 2023 nog onduidelijkheid ove"}}, {"type": "Feature", "geometry": {"type": "Point", "coordinates": [-2.1789813775219162, -8.03099690928657]}, "properties": {"argument_id": 2003, "document_id": 5822, "nearest_cluster_id": 367, "nearest_cluster_name": "Beraadtermijn", "nearest_cluster_distance": 0.0974, "document_cluster_id": null, "distance_to_own_document": null, "lands_in_own_document_cluster": null, "meta": "unclear, GroenLinks-PvdA", "quote_snippet": "Verder vraagt het lid van Dijk van de SGP of we erkennen dat er op grond van Europese of internationale verdragen geen recht op abortus bestaat. Het antwoord is: ja, dat erkennen wij."}}, {"type": "Feature", "geometry": {"type": "Point", "coordinates": [-2.1089909387600514, -7.628659778771182]}, "properties": {"argument_id": 2004, "document_id": 5822, "nearest_cluster_id": 367, "nearest_cluster_name": "Beraadtermijn", "nearest_cluster_distance": 0.0477, "document_cluster_id": null, "distance_to_own_document": null, "lands_in_own_document_cluster": null, "meta": "pro, GroenLinks-PvdA", "quote_snippet": "Het lid Paulusma van D66 staat voor de toegang tot abortuszorg voor alle vrouwen wereldwijd, maar wil tegelijkertijd abortuszorgverleners in bescherming nemen, zodat zij de abortuszorg op een veilige "}}, {"type": "Feature", "geometry": {"type": "Point", "coordinates": [-1.980514944838149, -7.681087160732638]}, "properties": {"argument_id": 2005, "document_id": 5822, "nearest_cluster_id": 367, "nearest_cluster_name": "Beraadtermijn", "nearest_cluster_distance": 0.0751, "document_cluster_id": null, "distance_to_own_document": null, "lands_in_own_document_cluster": null, "meta": "pro, GroenLinks-PvdA", "quote_snippet": "Het lid Hermans vroeg nog het volgende. Het kabinet waarschuwt voor veiligheidsrisico's voor de behandelend arts en de vrouwen om wie het gaat. Wat als de beelden van een digitaal consult onverhoopt s"}}, {"type": "Feature", "geometry": {"type": "Point", "coordinates": [8.865311399858243, -13.977521173231672]}, "properties": {"argument_id": 2006, "document_id": 5824, "nearest_cluster_id": 811, "nearest_cluster_name": "Islamofobie", "nearest_cluster_distance": 0.1076, "document_cluster_id": null, "distance_to_own_document": null, "lands_in_own_document_cluster": null, "meta": "contra, SGP", "quote_snippet": "Nee, wij sturen vanuit Nederland abortuspillen naar een land, waarbij het gebruikt kan worden op een manier die strijdig is met hun wetgeving. Dat is toch ook de definitie van \"inmenging\"?"}}, {"type": "Feature", "geometry": {"type": "Point", "coordinates": [29.19769085390416, 5.629108949260336]}, "properties": {"argument_id": 2007, "document_id": 5825, "nearest_cluster_id": 263, "nearest_cluster_name": "PGB", "nearest_cluster_distance": 0.098, "document_cluster_id": null, "distance_to_own_document": null, "lands_in_own_document_cluster": null, "meta": "pro, GroenLinks-PvdA", "quote_snippet": "Wij willen de drempel voor de toegang tot Nederlandse zorg verlagen, zoals dat nu ook bij fysieke Nederlandse zorg het geval is."}}, {"type": "Feature", "geometry": {"type": "Point", "coordinates": [8.259389927012768, 10.621022474985773]}, "properties": {"argument_id": 2008, "document_id": 5825, "nearest_cluster_id": 710, "nearest_cluster_name": "Procedurale orde", "nearest_cluster_distance": 0.11, "document_cluster_id": null, "distance_to_own_document": null, "lands_in_own_document_cluster": null, "meta": "pro, GroenLinks-PvdA", "quote_snippet": "Wij beseffen, zoals ik al eerder zei, dat dit een grensgebied is. Wij hebben dus ook enige zorg over de zaken waar u zorgen over heeft, juist om die artsen te beschermen."}}, {"type": "Feature", "geometry": {"type": "Point", "coordinates": [-2.048542362835452, -7.556256027054123]}, "properties": {"argument_id": 2009, "document_id": 5829, "nearest_cluster_id": 69, "nearest_cluster_name": "Abortus", "nearest_cluster_distance": 0.0554, "document_cluster_id": null, "distance_to_own_document": null, "lands_in_own_document_cluster": null, "meta": "contra, PVV", "quote_snippet": "De initiatiefnemer zegt daarop best wel staccato dat het gaat over abortuszorg in Nederland. Maar daar valt toch op z'n minst over te twisten? Volgens mij gaat die vlag namelijk niet helemaal op. Er i"}}, {"type": "Feature", "geometry": {"type": "Point", "coordinates": [-2.1512282426832594, -7.599225666261209]}, "properties": {"argument_id": 2010, "document_id": 5831, "nearest_cluster_id": 367, "nearest_cluster_name": "Beraadtermijn", "nearest_cluster_distance": 0.0384, "document_cluster_id": null, "distance_to_own_document": null, "lands_in_own_document_cluster": null, "meta": "contra, PVV", "quote_snippet": "De initiatiefnemer doet dat mijns inziens vrij staccato af met: dat vinden wij niet; het is een beetje een grijs gebied. Vergt dit niet wat meer doordenken? Die vlag van \"dat vinden wij niet\" gaat nam"}}, {"type": "Feature", "geometry": {"type": "Point", "coordinates": [27.905356866313934, 6.3066171982784605]}, "properties": {"argument_id": 2011, "document_id": 5832, "nearest_cluster_id": 1672, "nearest_cluster_name": "Waarschuwingsregister", "nearest_cluster_distance": 0.0545, "document_cluster_id": null, "distance_to_own_document": null, "lands_in_own_document_cluster": null, "meta": "pro, GroenLinks-PvdA", "quote_snippet": "De psychologische nazorg vind ik ook echt de verantwoordelijkheid van de Nederlandse zorgverlener die de teleconsulten begeleidt. Die moet ook bereid zijn om die op zich te nemen als daar behoefte aan"}}, {"type": "Feature", "geometry": {"type": "Point", "coordinates": [-2.033286407809279, -8.029701580592137]}, "properties": {"argument_id": 2012, "document_id": 5832, "nearest_cluster_id": 367, "nearest_cluster_name": "Beraadtermijn", "nearest_cluster_distance": 0.1103, "document_cluster_id": null, "distance_to_own_document": null, "lands_in_own_document_cluster": null, "meta": "pro, GroenLinks-PvdA", "quote_snippet": "Ik heb in mijn leven echt verschrikkelijke voorbeelden gezien van onveilige abortuszorg. Die moeten de mensen die in Polen op de spoedeisende hulp werken helaas ook gezien hebben. Ik denk dat die mens"}}, {"type": "Feature", "geometry": {"type": "Point", "coordinates": [32.42631113278639, 9.920021581426283]}, "properties": {"argument_id": 2013, "document_id": 5843, "nearest_cluster_id": 378, "nearest_cluster_name": "Zorgbeleid", "nearest_cluster_distance": 0.0696, "document_cluster_id": null, "distance_to_own_document": null, "lands_in_own_document_cluster": null, "meta": "pro, GroenLinks-PvdA", "quote_snippet": "Bij dit initiatief wordt er rekening mee gehouden dat zorgverleners niet verplicht zijn om medicamenteuze afbreking aan te bieden. Dat is een belangrijk uitgangspunt voor de gewetensvrijheid van medic"}}, {"type": "Feature", "geometry": {"type": "Point", "coordinates": [-1.802395378174362, -7.275211908515261]}, "properties": {"argument_id": 2014, "document_id": 5843, "nearest_cluster_id": 799, "nearest_cluster_name": "Anticonceptie", "nearest_cluster_distance": 0.0276, "document_cluster_id": null, "distance_to_own_document": null, "lands_in_own_document_cluster": null, "meta": "pro, GroenLinks-PvdA", "quote_snippet": "Huisartsenzorg is in principe voor mensen die ingeschreven staan bij de huisarts. Buitenlandse vrouwen kunnen niet zomaar een afspraak maken bij een huisartsenpraktijk. Het is de huisarts die bepaalt "}}, {"type": "Feature", "geometry": {"type": "Point", "coordinates": [29.32798366069486, 8.205916875010217]}, "properties": {"argument_id": 2015, "document_id": 5843, "nearest_cluster_id": 2525, "nearest_cluster_name": "Zorgstelsel", "nearest_cluster_distance": 0.0552, "document_cluster_id": null, "distance_to_own_document": null, "lands_in_own_document_cluster": null, "meta": "pro, GroenLinks-PvdA", "quote_snippet": "Zij willen over het algemeen de ruimte om zelf te bepalen hoe zij de zorg leveren. Dat dit wettelijk wordt toegestaan, betekent niet dat het moet. Het blijft een afweging van de arts en de beroepsgroe"}}, {"type": "Feature", "geometry": {"type": "Point", "coordinates": [3.805808738282759, 10.191505118353556]}, "properties": {"argument_id": 2016, "document_id": 5843, "nearest_cluster_id": 2107, "nearest_cluster_name": "Milieu", "nearest_cluster_distance": 0.2101, "document_cluster_id": null, "distance_to_own_document": null, "lands_in_own_document_cluster": null, "meta": "pro, GroenLinks-PvdA", "quote_snippet": "Een embryo onder de tien of twaalf weken is niet levensvatbaar."}}, {"type": "Feature", "geometry": {"type": "Point", "coordinates": [9.468375826609263, 7.29705622846747]}, "properties": {"argument_id": 2017, "document_id": 5845, "nearest_cluster_id": 398, "nearest_cluster_name": "Rapportages", "nearest_cluster_distance": 0.2667, "document_cluster_id": null, "distance_to_own_document": null, "lands_in_own_document_cluster": null, "meta": "contra, ChristenUnie", "quote_snippet": "Volgens mij is dat de balans in de Wafz waar in Nederland altijd over gesproken is. En ja, dan is er een verschil van invulling: op welk waardeniveau weeg je dat? Ik zal die zeer zwaar wegen."}}, {"type": "Feature", "geometry": {"type": "Point", "coordinates": [6.410066174646083, -3.431208606588922]}, "properties": {"argument_id": 2018, "document_id": 5849, "nearest_cluster_id": 253, "nearest_cluster_name": "Politiecapaciteit", "nearest_cluster_distance": 0.1211, "document_cluster_id": null, "distance_to_own_document": null, "lands_in_own_document_cluster": null, "meta": "pro, GroenLinks-PvdA", "quote_snippet": "Nu is de Geneesmiddelenwet gedoogbeleid. Ik denk dat dat dus nog wettelijk omgezet moet worden in een juridisch kader. Ik denk dat er voldoende bewijskracht en internationaal perspectief zijn om een v"}}, {"type": "Feature", "geometry": {"type": "Point", "coordinates": [-2.0686447500788945, -7.710416680674573]}, "properties": {"argument_id": 2019, "document_id": 5853, "nearest_cluster_id": 367, "nearest_cluster_name": "Beraadtermijn", "nearest_cluster_distance": 0.061, "document_cluster_id": null, "distance_to_own_document": null, "lands_in_own_document_cluster": null, "meta": "pro, D66", "quote_snippet": "Als vrouwen door beperkte toegang tot de abortuszorg moeten uitwijken naar illegale of gevaarlijke methoden, kan dat vreselijke gevolgen hebben. Het kabinet zet zich daarom in Europa en wereldwijd act"}}, {"type": "Feature", "geometry": {"type": "Point", "coordinates": [-1.9474743572441517, -7.462076735682156]}, "properties": {"argument_id": 2020, "document_id": 5853, "nearest_cluster_id": 69, "nearest_cluster_name": "Abortus", "nearest_cluster_distance": 0.0324, "document_cluster_id": null, "distance_to_own_document": null, "lands_in_own_document_cluster": null, "meta": "pro, D66", "quote_snippet": "Uit de cijfers van de IGJ blijkt dat in de Nederlandse abortusklinieken jaarlijks honderden vrouwen uit het buitenland worden geholpen."}}, {"type": "Feature", "geometry": {"type": "Point", "coordinates": [-2.095266571363372, -7.430230748035052]}, "properties": {"argument_id": 2021, "document_id": 5853, "nearest_cluster_id": 69, "nearest_cluster_name": "Abortus", "nearest_cluster_distance": 0.0399, "document_cluster_id": null, "distance_to_own_document": null, "lands_in_own_document_cluster": null, "meta": "pro, D66", "quote_snippet": "In de kabinetsreactie op de initiatiefnota heeft mijn voorganger op dit voorstel gereageerd. Daarin leggen we uit dat het in eerste instantie aan de abortuszorgverleners zelf is om te beoordelen of en"}}, {"type": "Feature", "geometry": {"type": "Point", "coordinates": [24.660620162986145, 13.367721540478808]}, "properties": {"argument_id": 2022, "document_id": 5855, "nearest_cluster_id": 689, "nearest_cluster_name": "Moties", "nearest_cluster_distance": 0.0346, "document_cluster_id": null, "distance_to_own_document": null, "lands_in_own_document_cluster": null, "meta": "contra, ChristenUnie", "quote_snippet": "We hebben bij de wet die ging over het verstrekken van de abortuspil door de huisarts juist ook de Kameruitspraak neergelegd: kijk nou uit dat je niet onmiddellijk verder gaat richting digitale consul"}}, {"type": "Feature", "geometry": {"type": "Point", "coordinates": [14.663542637507039, 3.2812567443239335]}, "properties": {"argument_id": 2023, "document_id": 5858, "nearest_cluster_id": 1100, "nearest_cluster_name": "Parlementaire controle", "nearest_cluster_distance": 0.0723, "document_cluster_id": null, "distance_to_own_document": null, "lands_in_own_document_cluster": null, "meta": "contra, SGP", "quote_snippet": "Maar het zijn eigenlijk juist de artsen die aangeven: wij zitten erg verlegen om een politieke uitspraak over of wat wij doen juridisch wel door de beugel kan. Dus we kunnen de zaak toch niet zomaar t"}}, {"type": "Feature", "geometry": {"type": "Point", "coordinates": [-1.7380159670191382, -7.294592552216056]}, "properties": {"argument_id": 2024, "document_id": 5866, "nearest_cluster_id": 69, "nearest_cluster_name": "Abortus", "nearest_cluster_distance": 0.0409, "document_cluster_id": null, "distance_to_own_document": null, "lands_in_own_document_cluster": null, "meta": "unclear, D66", "quote_snippet": "Bij het aanpassen van de Geneesmiddelenwet, waardoor het ook mogelijk wordt om op afstand medicatie te verstrekken, is geen onderscheid gemaakt. Er zijn natuurlijk ook heel veel andere medicijnen die "}}, {"type": "Feature", "geometry": {"type": "Point", "coordinates": [-2.0865803842439923, -7.386690120355618]}, "properties": {"argument_id": 2025, "document_id": 5866, "nearest_cluster_id": 69, "nearest_cluster_name": "Abortus", "nearest_cluster_distance": 0.0333, "document_cluster_id": null, "distance_to_own_document": null, "lands_in_own_document_cluster": null, "meta": "unclear, D66", "quote_snippet": "De wijziging van de Geneesmiddelenwet komt voort uit de covidpandemie, toen het niet anders kon. Mevrouw Paulusma refereerde daar al even aan. Toen hebben we ontdekt hoeveel er eigenlijk kan en hoe je"}}, {"type": "Feature", "geometry": {"type": "Point", "coordinates": [-2.0426269351835127, -7.458799829660418]}, "properties": {"argument_id": 2026, "document_id": 5868, "nearest_cluster_id": 69, "nearest_cluster_name": "Abortus", "nearest_cluster_distance": 0.0373, "document_cluster_id": null, "distance_to_own_document": null, "lands_in_own_document_cluster": null, "meta": "contra, SGP", "quote_snippet": "Tegelijkertijd klopt het ook helemaal niet, want we hebben het hier over abortuszorg. Daar gelden niet voor niks hele specifieke eisen voor als het gaat over de Abortuswet. Je kunt er inderdaad over d"}}, {"type": "Feature", "geometry": {"type": "Point", "coordinates": [-2.141252549860175, -7.633901403761301]}, "properties": {"argument_id": 2027, "document_id": 5870, "nearest_cluster_id": 367, "nearest_cluster_name": "Beraadtermijn", "nearest_cluster_distance": 0.0418, "document_cluster_id": null, "distance_to_own_document": null, "lands_in_own_document_cluster": null, "meta": "contra, SGP", "quote_snippet": "Wat de minister zegt is natuurlijk niet helemaal waar, want deze initiatiefnota is niet een aftrap voor de praktijk. Nee, het gebeurt nu al. Het leveren van abortuspillen op afstand in Nederland en da"}}, {"type": "Feature", "geometry": {"type": "Point", "coordinates": [-1.8511760846461087, -7.830889967029909]}, "properties": {"argument_id": 2028, "document_id": 5876, "nearest_cluster_id": 69, "nearest_cluster_name": "Abortus", "nearest_cluster_distance": 0.1079, "document_cluster_id": null, "distance_to_own_document": null, "lands_in_own_document_cluster": null, "meta": "pro, D66", "quote_snippet": "Er is niemand, maar dan ook helemaal niemand die gedwongen wordt om abortus te laten plegen. Dit is de keuzevrijheid van vrouwen. Dat staat wat mij betreft helemaal voorop."}}, {"type": "Feature", "geometry": {"type": "Point", "coordinates": [-2.171747681957268, -7.568047024091914]}, "properties": {"argument_id": 2029, "document_id": 5878, "nearest_cluster_id": 367, "nearest_cluster_name": "Beraadtermijn", "nearest_cluster_distance": 0.034, "document_cluster_id": null, "distance_to_own_document": null, "lands_in_own_document_cluster": null, "meta": "contra, PVV", "quote_snippet": "Want de wet waar we het nu over hebben, de Wet afbreking zwangerschap, hield geen rekening met de mogelijkheid tot het versturen van pillen per post en een digitaal consult. Ik snap dat het tijdframe "}}, {"type": "Feature", "geometry": {"type": "Point", "coordinates": [-1.6968476585306005, -7.744879959309281]}, "properties": {"argument_id": 2030, "document_id": 5883, "nearest_cluster_id": 69, "nearest_cluster_name": "Abortus", "nearest_cluster_distance": 0.1017, "document_cluster_id": null, "distance_to_own_document": null, "lands_in_own_document_cluster": null, "meta": "pro, D66", "quote_snippet": "Abortusklinieken hebben vorig jaar, in 2023, een enqu\u00eateonderzoek uitgevoerd naar ervaringen van kliniekbezoekers met antiabortusdemonstraties bij klinieken. Daaruit kwam naar voren dat een overgrote "}}, {"type": "Feature", "geometry": {"type": "Point", "coordinates": [3.688811262604429, 17.47298583025677]}, "properties": {"argument_id": 2031, "document_id": 5883, "nearest_cluster_id": 1, "nearest_cluster_name": "Overig", "nearest_cluster_distance": 0.0614, "document_cluster_id": null, "distance_to_own_document": null, "lands_in_own_document_cluster": null, "meta": "pro, D66", "quote_snippet": "Er is namelijk al vastgesteld dat vrouwen daar heel veel last van hebben. Er is juridisch onderzoek gedaan."}}, {"type": "Feature", "geometry": {"type": "Point", "coordinates": [11.386129667899315, -5.491029527697044]}, "properties": {"argument_id": 2032, "document_id": 5885, "nearest_cluster_id": 1785, "nearest_cluster_name": "Seksueel misbruik", "nearest_cluster_distance": 0.0314, "document_cluster_id": null, "distance_to_own_document": null, "lands_in_own_document_cluster": null, "meta": "unclear, ChristenUnie", "quote_snippet": "Anderzijds gaat het om de grondrechtelijke kant rondom de vrijheid om te kunnen uiten wat je vindt, de vrijheid van meningsuiting. Als iemand vlak voor de koning gaat staan en zegt \"ik wil een republi"}}, {"type": "Feature", "geometry": {"type": "Point", "coordinates": [-2.479961116799464, -7.7716829069204225]}, "properties": {"argument_id": 2033, "document_id": 5886, "nearest_cluster_id": 367, "nearest_cluster_name": "Beraadtermijn", "nearest_cluster_distance": 0.0482, "document_cluster_id": null, "distance_to_own_document": null, "lands_in_own_document_cluster": null, "meta": "pro, D66", "quote_snippet": "Bij het op afstand voorschrijven van de abortuspil gelden alle zorgvuldigheidseisen uit de wet afbreking zwangerschap, net als voor de reguliere abortuszorg, maar ook de eisen die we stellen aan het g"}}, {"type": "Feature", "geometry": {"type": "Point", "coordinates": [-2.086740973244268, -7.54325137229286]}, "properties": {"argument_id": 2034, "document_id": 5886, "nearest_cluster_id": 367, "nearest_cluster_name": "Beraadtermijn", "nearest_cluster_distance": 0.0512, "document_cluster_id": null, "distance_to_own_document": null, "lands_in_own_document_cluster": null, "meta": "pro, D66", "quote_snippet": "Mevrouw Bikker vroeg ook: hoe kun je controleren of een vrouw niet onder dwang om een abortus vraagt als ze er niet fysiek is? Ook hiervoor verwijs ik weer naar de abortuszorgverleners. Die hebben daa"}}, {"type": "Feature", "geometry": {"type": "Point", "coordinates": [-2.348122341274777, -7.549754435408168]}, "properties": {"argument_id": 2035, "document_id": 5886, "nearest_cluster_id": 367, "nearest_cluster_name": "Beraadtermijn", "nearest_cluster_distance": 0.005, "document_cluster_id": null, "distance_to_own_document": null, "lands_in_own_document_cluster": null, "meta": "pro, D66", "quote_snippet": "Mevrouw Bikker heeft ook gevraagd: hoe kun je via een digitaal consult de duur van de zwangerschap bepalen zonder fysieke echo? Het is aan de beroepsgroep of een echo echt nodig is. Wetenschappelijke "}}, {"type": "Feature", "geometry": {"type": "Point", "coordinates": [-2.0316205965377643, -7.390087970779681]}, "properties": {"argument_id": 2036, "document_id": 5890, "nearest_cluster_id": 69, "nearest_cluster_name": "Abortus", "nearest_cluster_distance": 0.0251, "document_cluster_id": null, "distance_to_own_document": null, "lands_in_own_document_cluster": null, "meta": "contra, D66", "quote_snippet": "De huidige wet- en regelgeving is bij uitstek in eerste instantie gebaseerd op een uiterst zorgvuldig ethisch debat. Het is aan de zorgverleners en de inspectie om te beoordelen of ze binnen deze wet-"}}, {"type": "Feature", "geometry": {"type": "Point", "coordinates": [-1.9882399948066252, -7.514406682283741]}, "properties": {"argument_id": 2037, "document_id": 5890, "nearest_cluster_id": 69, "nearest_cluster_name": "Abortus", "nearest_cluster_distance": 0.0438, "document_cluster_id": null, "distance_to_own_document": null, "lands_in_own_document_cluster": null, "meta": "unclear, D66", "quote_snippet": "Uit een recente wetsevaluatie blijkt dat klinieken, ziekenhuizen en abortushulpverleners de regels in algemene zin goed naleven en dat nadere invulling op adequate wijze wordt opgepakt."}}, {"type": "Feature", "geometry": {"type": "Point", "coordinates": [-1.9909292613485525, -7.3935309566003395]}, "properties": {"argument_id": 2038, "document_id": 5898, "nearest_cluster_id": 69, "nearest_cluster_name": "Abortus", "nearest_cluster_distance": 0.0209, "document_cluster_id": null, "distance_to_own_document": null, "lands_in_own_document_cluster": null, "meta": "contra, ChristenUnie", "quote_snippet": "Ik vind dat daar een verschil in zit, want een abortuskliniek heeft dit dagelijks bij de hand en een huisarts een enkele keer. Ik snap heel goed dat de meeste huisartsen zich niet op het spoor zullen "}}, {"type": "Feature", "geometry": {"type": "Point", "coordinates": [-2.133481959727441, -7.64841411606492]}, "properties": {"argument_id": 2039, "document_id": 5899, "nearest_cluster_id": 367, "nearest_cluster_name": "Beraadtermijn", "nearest_cluster_distance": 0.0442, "document_cluster_id": null, "distance_to_own_document": null, "lands_in_own_document_cluster": null, "meta": "pro, D66", "quote_snippet": "Vrouwen hebben natuurlijk recht op zelfbeschikking, zeker in relatie tot hun eigen lichaam. Dat is een universeel recht. Dat recht gaat niet zover dat er een absoluut recht op abortus bestaat, maar he"}}, {"type": "Feature", "geometry": {"type": "Point", "coordinates": [-2.106821788830957, -7.968841036252553]}, "properties": {"argument_id": 2040, "document_id": 5899, "nearest_cluster_id": 367, "nearest_cluster_name": "Beraadtermijn", "nearest_cluster_distance": 0.0921, "document_cluster_id": null, "distance_to_own_document": null, "lands_in_own_document_cluster": null, "meta": "pro, D66", "quote_snippet": "Nederland zet zich in internationaal verband wel in voor het beschermen van vrouwenrechten, waaronder de toegang tot abortus. Bijvoorbeeld tijdens de Internationale Conferentie over Bevolking en Ontwi"}}, {"type": "Feature", "geometry": {"type": "Point", "coordinates": [-2.2898357247270207, -7.577132126025307]}, "properties": {"argument_id": 2041, "document_id": 5899, "nearest_cluster_id": 367, "nearest_cluster_name": "Beraadtermijn", "nearest_cluster_distance": 0.0105, "document_cluster_id": null, "distance_to_own_document": null, "lands_in_own_document_cluster": null, "meta": "pro, D66", "quote_snippet": "Sinds 2018 is toegang tot veilige abortuszorg binnen de kaders van de wet een prioriteit van dat Minimum Initial Service Package. Voor de implementatie daarvan financiert Nederland zowel de SRGR-servi"}}, {"type": "Feature", "geometry": {"type": "Point", "coordinates": [-2.333964143892279, -7.594974967818382]}, "properties": {"argument_id": 2042, "document_id": 5899, "nearest_cluster_id": 367, "nearest_cluster_name": "Beraadtermijn", "nearest_cluster_distance": 0.0045, "document_cluster_id": null, "distance_to_own_document": null, "lands_in_own_document_cluster": null, "meta": "unclear, D66", "quote_snippet": "In 2022 heeft de IGJ vastgesteld dat er 3.258 abortussen bij buitenlandse vrouwen werden uitgevoerd, op een totaal van 35.606 zwangerschapsafbrekingen. Een deel van deze afbrekingen vond plaats na neg"}}, {"type": "Feature", "geometry": {"type": "Point", "coordinates": [-2.1197599891815115, -7.562195893172931]}, "properties": {"argument_id": 2043, "document_id": 5901, "nearest_cluster_id": 367, "nearest_cluster_name": "Beraadtermijn", "nearest_cluster_distance": 0.0444, "document_cluster_id": null, "distance_to_own_document": null, "lands_in_own_document_cluster": null, "meta": "unclear, VVD", "quote_snippet": "Het besluit tot abortus is, zoals de minister in haar beantwoording een aantal keren terecht benadrukte, iets tussen zorgverlener en de vrouw in nood. Wij hier in de politiek spreken over allerlei ran"}}, {"type": "Feature", "geometry": {"type": "Point", "coordinates": [-1.9400105640074667, -7.3201206765284645]}, "properties": {"argument_id": 2044, "document_id": 5901, "nearest_cluster_id": 69, "nearest_cluster_name": "Abortus", "nearest_cluster_distance": 0.0039, "document_cluster_id": null, "distance_to_own_document": null, "lands_in_own_document_cluster": null, "meta": "contra, VVD", "quote_snippet": "Toegang tot veilige en legale abortuszorg, dat is wat de nota beoogt. Maar juist dan ben ik er extra alert op dat we deze stap alleen zetten als we alle waarborgen hebben ingebouwd. Dat vertrouwen heb"}}, {"type": "Feature", "geometry": {"type": "Point", "coordinates": [-2.2464719009511347, -7.457485213297071]}, "properties": {"argument_id": 2045, "document_id": 5906, "nearest_cluster_id": 367, "nearest_cluster_name": "Beraadtermijn", "nearest_cluster_distance": 0.0302, "document_cluster_id": null, "distance_to_own_document": null, "lands_in_own_document_cluster": null, "meta": "contra, ChristenUnie", "quote_snippet": "Wat de ChristenUnie betreft, is het heel belangrijk dat we telkens opnieuw zorgen voor de balans in de wetgeving, en juist ook kijken naar het ongeboren leven en de bescherming daarvan. Juist daarom i"}}, {"type": "Feature", "geometry": {"type": "Point", "coordinates": [20.708337911847494, 20.961380774908353]}, "properties": {"argument_id": 2046, "document_id": 5907, "nearest_cluster_id": 45, "nearest_cluster_name": "Moties", "nearest_cluster_distance": 0.1052, "document_cluster_id": null, "distance_to_own_document": null, "lands_in_own_document_cluster": null, "meta": "contra, ChristenUnie", "quote_snippet": "Ik dien deze motie juist ook in om te voorkomen dat we die competentiestrijd in de EU over de zorg alsnog gaan voeren."}}, {"type": "Feature", "geometry": {"type": "Point", "coordinates": [19.86631944953728, -16.012547809608257]}, "properties": {"argument_id": 2047, "document_id": 5907, "nearest_cluster_id": 1620, "nearest_cluster_name": "Buitenlands beleid", "nearest_cluster_distance": 0.0747, "document_cluster_id": null, "distance_to_own_document": null, "lands_in_own_document_cluster": null, "meta": "contra, ChristenUnie", "quote_snippet": "Mijn grote zorg zit echt in de uitvoering als deze notitie werkelijkheid zou worden, of het nou gaat over de termijnbepaling, de zorg of de nazorg. Ik zat net even te denken aan bijvoorbeeld Hongarije"}}, {"type": "Feature", "geometry": {"type": "Point", "coordinates": [20.194855781891953, -12.261016301818234]}, "properties": {"argument_id": 2048, "document_id": 5918, "nearest_cluster_id": 2426, "nearest_cluster_name": "Arbeidsmigratie", "nearest_cluster_distance": 0.2491, "document_cluster_id": null, "distance_to_own_document": null, "lands_in_own_document_cluster": null, "meta": "contra, PVV", "quote_snippet": "Kan er wat gedaan worden aan de zorgvuldigheidseisen? Welke gevolgen heeft de doorkruising van het interne beleid van een ander land voor de verhoudingen? Want het is misschien niet de overheid die de"}}, {"type": "Feature", "geometry": {"type": "Point", "coordinates": [-2.228289391158747, -7.385754414434302]}, "properties": {"argument_id": 2049, "document_id": 5918, "nearest_cluster_id": 367, "nearest_cluster_name": "Beraadtermijn", "nearest_cluster_distance": 0.0441, "document_cluster_id": null, "distance_to_own_document": null, "lands_in_own_document_cluster": null, "meta": "contra, PVV", "quote_snippet": "Daarnaast blijft mijn principi\u00eble vraag staan: moeten we wel willen dat abortuszorg digitaal wordt verleend en dat abortuspillen per post naar een ander land worden verstuurd?"}}, {"type": "Feature", "geometry": {"type": "Point", "coordinates": [-1.766042342843339, -7.9951503450344905]}, "properties": {"argument_id": 2050, "document_id": 5921, "nearest_cluster_id": 2391, "nearest_cluster_name": "Bufferzones", "nearest_cluster_distance": 0.11, "document_cluster_id": null, "distance_to_own_document": null, "lands_in_own_document_cluster": null, "meta": "pro, GroenLinks-PvdA", "quote_snippet": "Polen kan dit als inmenging zien, maar vrouwenrechten zijn dat wat ons betreft waard."}}, {"type": "Feature", "geometry": {"type": "Point", "coordinates": [-2.350353809323382, -7.632683791708982]}, "properties": {"argument_id": 2051, "document_id": 5921, "nearest_cluster_id": 367, "nearest_cluster_name": "Beraadtermijn", "nearest_cluster_distance": 0.0119, "document_cluster_id": null, "distance_to_own_document": null, "lands_in_own_document_cluster": null, "meta": "pro, GroenLinks-PvdA", "quote_snippet": "Wij hebben geen enkele zorg over de zorgvuldigheidseisen bij deze telemedicatie. De besluitvorming is zorgvuldig, de termijnbepaling is superzorgvuldig en er is de mogelijkheid tot nazorg. Ook bij spo"}}, {"type": "Feature", "geometry": {"type": "Point", "coordinates": [20.581726667809388, -16.584874849787653]}, "properties": {"argument_id": 2052, "document_id": 5928, "nearest_cluster_id": 1620, "nearest_cluster_name": "Buitenlands beleid", "nearest_cluster_distance": 0.1163, "document_cluster_id": null, "distance_to_own_document": null, "lands_in_own_document_cluster": null, "meta": "pro, D66", "quote_snippet": "Het is in principe natuurlijk niet aan de Nederlandse overheid om te treden in strafvervolging door de Poolse overheid van de eigen burgers, maar het is wel een universeel recht dat Justyna een eerlij"}}, {"type": "Feature", "geometry": {"type": "Point", "coordinates": [-1.9247282436230393, -7.8807153969338035]}, "properties": {"argument_id": 2053, "document_id": 5928, "nearest_cluster_id": 367, "nearest_cluster_name": "Beraadtermijn", "nearest_cluster_distance": 0.1034, "document_cluster_id": null, "distance_to_own_document": null, "lands_in_own_document_cluster": null, "meta": "pro, D66", "quote_snippet": "Daarnaast zal Nederland zich hard blijven maken voor borging van vrouwenrechten en toegang tot veilige abortus wereldwijd."}}, {"type": "Feature", "geometry": {"type": "Point", "coordinates": [27.6488698675157, 16.197103432460104]}, "properties": {"argument_id": 2054, "document_id": 5931, "nearest_cluster_id": 48, "nearest_cluster_name": "Moties", "nearest_cluster_distance": 0.0128, "document_cluster_id": null, "distance_to_own_document": null, "lands_in_own_document_cluster": null, "meta": "unclear, D66", "quote_snippet": "De motie op stuk nr. 6 vraagt de regering digitale verstrekking van medicatie naar pati\u00ebnten in andere EU-lidstaten alleen toe te staan als deze dit als ondersteuning van hun eigen gezondheidsbeleid e"}}]}